
ATMEGA128A_INTEGRATION.elf:     file format elf32-avr

Sections:
Idx Name          Size      VMA       LMA       File off  Algn
  0 .data         000000f6  00800100  00002430  000024c4  2**0
                  CONTENTS, ALLOC, LOAD, DATA
  1 .text         00002430  00000000  00000000  00000094  2**1
                  CONTENTS, ALLOC, LOAD, READONLY, CODE
  2 .bss          00000167  008001f6  008001f6  000025ba  2**0
                  ALLOC
  3 .comment      0000005c  00000000  00000000  000025ba  2**0
                  CONTENTS, READONLY
  4 .note.gnu.avr.deviceinfo 00000040  00000000  00000000  00002618  2**2
                  CONTENTS, READONLY
  5 .debug_aranges 000003b8  00000000  00000000  00002658  2**0
                  CONTENTS, READONLY, DEBUGGING
  6 .debug_info   00003cbe  00000000  00000000  00002a10  2**0
                  CONTENTS, READONLY, DEBUGGING
  7 .debug_abbrev 00001753  00000000  00000000  000066ce  2**0
                  CONTENTS, READONLY, DEBUGGING
  8 .debug_line   000022df  00000000  00000000  00007e21  2**0
                  CONTENTS, READONLY, DEBUGGING
  9 .debug_frame  000009ac  00000000  00000000  0000a100  2**2
                  CONTENTS, READONLY, DEBUGGING
 10 .debug_str    0000107a  00000000  00000000  0000aaac  2**0
                  CONTENTS, READONLY, DEBUGGING
 11 .debug_loc    0000202a  00000000  00000000  0000bb26  2**0
                  CONTENTS, READONLY, DEBUGGING
 12 .debug_ranges 00000330  00000000  00000000  0000db50  2**0
                  CONTENTS, READONLY, DEBUGGING

Disassembly of section .text:

00000000 <__vectors>:
       0:	4f c0       	rjmp	.+158    	; 0xa0 <__ctors_end>
       2:	00 00       	nop
       4:	0c 94 07 0a 	jmp	0x140e	; 0x140e <__vector_1>
       8:	0c 94 16 0a 	jmp	0x142c	; 0x142c <__vector_2>
       c:	0c 94 25 0a 	jmp	0x144a	; 0x144a <__vector_3>
      10:	65 c0       	rjmp	.+202    	; 0xdc <__bad_interrupt>
      12:	00 00       	nop
      14:	0c 94 34 0a 	jmp	0x1468	; 0x1468 <__vector_5>
      18:	61 c0       	rjmp	.+194    	; 0xdc <__bad_interrupt>
      1a:	00 00       	nop
      1c:	5f c0       	rjmp	.+190    	; 0xdc <__bad_interrupt>
      1e:	00 00       	nop
      20:	5d c0       	rjmp	.+186    	; 0xdc <__bad_interrupt>
      22:	00 00       	nop
      24:	5b c0       	rjmp	.+182    	; 0xdc <__bad_interrupt>
      26:	00 00       	nop
      28:	59 c0       	rjmp	.+178    	; 0xdc <__bad_interrupt>
      2a:	00 00       	nop
      2c:	57 c0       	rjmp	.+174    	; 0xdc <__bad_interrupt>
      2e:	00 00       	nop
      30:	55 c0       	rjmp	.+170    	; 0xdc <__bad_interrupt>
      32:	00 00       	nop
      34:	53 c0       	rjmp	.+166    	; 0xdc <__bad_interrupt>
      36:	00 00       	nop
      38:	51 c0       	rjmp	.+162    	; 0xdc <__bad_interrupt>
      3a:	00 00       	nop
      3c:	0c 94 5a 0d 	jmp	0x1ab4	; 0x1ab4 <__vector_15>
      40:	4d c0       	rjmp	.+154    	; 0xdc <__bad_interrupt>
      42:	00 00       	nop
      44:	4b c0       	rjmp	.+150    	; 0xdc <__bad_interrupt>
      46:	00 00       	nop
      48:	0c 94 d9 0d 	jmp	0x1bb2	; 0x1bb2 <__vector_18>
      4c:	0c 94 02 0e 	jmp	0x1c04	; 0x1c04 <__vector_19>
      50:	45 c0       	rjmp	.+138    	; 0xdc <__bad_interrupt>
      52:	00 00       	nop
      54:	43 c0       	rjmp	.+134    	; 0xdc <__bad_interrupt>
      56:	00 00       	nop
      58:	41 c0       	rjmp	.+130    	; 0xdc <__bad_interrupt>
      5a:	00 00       	nop
      5c:	3f c0       	rjmp	.+126    	; 0xdc <__bad_interrupt>
      5e:	00 00       	nop
      60:	3d c0       	rjmp	.+122    	; 0xdc <__bad_interrupt>
      62:	00 00       	nop
      64:	3b c0       	rjmp	.+118    	; 0xdc <__bad_interrupt>
      66:	00 00       	nop
      68:	39 c0       	rjmp	.+114    	; 0xdc <__bad_interrupt>
      6a:	00 00       	nop
      6c:	37 c0       	rjmp	.+110    	; 0xdc <__bad_interrupt>
      6e:	00 00       	nop
      70:	35 c0       	rjmp	.+106    	; 0xdc <__bad_interrupt>
      72:	00 00       	nop
      74:	33 c0       	rjmp	.+102    	; 0xdc <__bad_interrupt>
      76:	00 00       	nop
      78:	31 c0       	rjmp	.+98     	; 0xdc <__bad_interrupt>
      7a:	00 00       	nop
      7c:	2f c0       	rjmp	.+94     	; 0xdc <__bad_interrupt>
      7e:	00 00       	nop
      80:	2d c0       	rjmp	.+90     	; 0xdc <__bad_interrupt>
      82:	00 00       	nop
      84:	2b c0       	rjmp	.+86     	; 0xdc <__bad_interrupt>
      86:	00 00       	nop
      88:	29 c0       	rjmp	.+82     	; 0xdc <__bad_interrupt>
      8a:	00 00       	nop
      8c:	c3 08       	sbc	r12, r3
      8e:	a8 08       	sbc	r10, r8
      90:	ab 08       	sbc	r10, r11
      92:	ae 08       	sbc	r10, r14
      94:	b1 08       	sbc	r11, r1
      96:	b4 08       	sbc	r11, r4
      98:	b7 08       	sbc	r11, r7
      9a:	ba 08       	sbc	r11, r10
      9c:	bd 08       	sbc	r11, r13
      9e:	c0 08       	sbc	r12, r0

000000a0 <__ctors_end>:
      a0:	11 24       	eor	r1, r1
      a2:	1f be       	out	0x3f, r1	; 63
      a4:	cf ef       	ldi	r28, 0xFF	; 255
      a6:	d0 e1       	ldi	r29, 0x10	; 16
      a8:	de bf       	out	0x3e, r29	; 62
      aa:	cd bf       	out	0x3d, r28	; 61

000000ac <__do_copy_data>:
      ac:	11 e0       	ldi	r17, 0x01	; 1
      ae:	a0 e0       	ldi	r26, 0x00	; 0
      b0:	b1 e0       	ldi	r27, 0x01	; 1
      b2:	e0 e3       	ldi	r30, 0x30	; 48
      b4:	f4 e2       	ldi	r31, 0x24	; 36
      b6:	00 e0       	ldi	r16, 0x00	; 0
      b8:	0b bf       	out	0x3b, r16	; 59
      ba:	02 c0       	rjmp	.+4      	; 0xc0 <__do_copy_data+0x14>
      bc:	07 90       	elpm	r0, Z+
      be:	0d 92       	st	X+, r0
      c0:	a6 3f       	cpi	r26, 0xF6	; 246
      c2:	b1 07       	cpc	r27, r17
      c4:	d9 f7       	brne	.-10     	; 0xbc <__do_copy_data+0x10>

000000c6 <__do_clear_bss>:
      c6:	23 e0       	ldi	r18, 0x03	; 3
      c8:	a6 ef       	ldi	r26, 0xF6	; 246
      ca:	b1 e0       	ldi	r27, 0x01	; 1
      cc:	01 c0       	rjmp	.+2      	; 0xd0 <.do_clear_bss_start>

000000ce <.do_clear_bss_loop>:
      ce:	1d 92       	st	X+, r1

000000d0 <.do_clear_bss_start>:
      d0:	ad 35       	cpi	r26, 0x5D	; 93
      d2:	b2 07       	cpc	r27, r18
      d4:	e1 f7       	brne	.-8      	; 0xce <.do_clear_bss_loop>
      d6:	97 d4       	rcall	.+2350   	; 0xa06 <main>
      d8:	0c 94 16 12 	jmp	0x242c	; 0x242c <_exit>

000000dc <__bad_interrupt>:
      dc:	91 cf       	rjmp	.-222    	; 0x0 <__vectors>

000000de <Dispense_BeginRound>:
}

// 즉시 서보 180도 복귀
void Dispense_Abort(void)
{
    Dispense_End(DISPENSE_RESULT_NONE);   /* result 는 현재 확정값 유지 */
      de:	a6 ef       	ldi	r26, 0xF6	; 246
      e0:	b1 e0       	ldi	r27, 0x01	; 1
      e2:	12 96       	adiw	r26, 0x02	; 2
      e4:	6d 91       	ld	r22, X+
      e6:	7c 91       	ld	r23, X
      e8:	13 97       	sbiw	r26, 0x03	; 3
      ea:	11 96       	adiw	r26, 0x01	; 1
      ec:	ec 91       	ld	r30, X
      ee:	11 97       	sbiw	r26, 0x01	; 1
      f0:	f0 e0       	ldi	r31, 0x00	; 0
      f2:	ee 0f       	add	r30, r30
      f4:	ff 1f       	adc	r31, r31
      f6:	e0 50       	subi	r30, 0x00	; 0
      f8:	ff 4f       	sbci	r31, 0xFF	; 255
      fa:	80 81       	ld	r24, Z
      fc:	91 81       	ldd	r25, Z+1	; 0x01
      fe:	68 0f       	add	r22, r24
     100:	79 1f       	adc	r23, r25
     102:	81 e0       	ldi	r24, 0x01	; 1
     104:	8c 93       	st	X, r24
     106:	0c 94 46 0c 	jmp	0x188c	; 0x188c <Stepper_MoveToStepsRaw>
     10a:	08 95       	ret

0000010c <Dispense_End>:
     10c:	81 11       	cpse	r24, r1
     10e:	80 93 fa 01 	sts	0x01FA, r24	; 0x8001fa <__data_end+0x4>
     112:	80 e0       	ldi	r24, 0x00	; 0
     114:	0e 94 4e 09 	call	0x129c	; 0x129c <Sensors_IrEnable>
     118:	0e 94 88 0a 	call	0x1510	; 0x1510 <Servo_ReturnIdle>
     11c:	81 e0       	ldi	r24, 0x01	; 1
     11e:	0e 94 16 0d 	call	0x1a2c	; 0x1a2c <Stepper_Stop>
     122:	85 e0       	ldi	r24, 0x05	; 5
     124:	80 93 f6 01 	sts	0x01F6, r24	; 0x8001f6 <__data_end>
     128:	08 95       	ret

0000012a <Dispense_IsBusy>:
     12a:	80 91 f6 01 	lds	r24, 0x01F6	; 0x8001f6 <__data_end>
     12e:	88 23       	and	r24, r24
     130:	21 f0       	breq	.+8      	; 0x13a <Dispense_IsBusy+0x10>
     132:	85 30       	cpi	r24, 0x05	; 5
     134:	21 f4       	brne	.+8      	; 0x13e <Dispense_IsBusy+0x14>
     136:	80 e0       	ldi	r24, 0x00	; 0
     138:	08 95       	ret
     13a:	80 e0       	ldi	r24, 0x00	; 0
     13c:	08 95       	ret
     13e:	81 e0       	ldi	r24, 0x01	; 1
     140:	08 95       	ret

00000142 <Dispense_Start>:
     142:	1f 93       	push	r17
     144:	cf 93       	push	r28
     146:	df 93       	push	r29
     148:	00 d0       	rcall	.+0      	; 0x14a <Dispense_Start+0x8>
     14a:	cd b7       	in	r28, 0x3d	; 61
     14c:	de b7       	in	r29, 0x3e	; 62
     14e:	16 2f       	mov	r17, r22
     150:	ec df       	rcall	.-40     	; 0x12a <Dispense_IsBusy>
     152:	81 11       	cpse	r24, r1
     154:	22 c0       	rjmp	.+68     	; 0x19a <Dispense_Start+0x58>
     156:	ae 01       	movw	r20, r28
     158:	4f 5f       	subi	r20, 0xFF	; 255
     15a:	5f 4f       	sbci	r21, 0xFF	; 255
     15c:	61 2f       	mov	r22, r17
     15e:	81 e0       	ldi	r24, 0x01	; 1
     160:	0e 94 1e 0c 	call	0x183c	; 0x183c <Stepper_SlotToSteps>
     164:	81 11       	cpse	r24, r1
     166:	07 c0       	rjmp	.+14     	; 0x176 <Dispense_Start+0x34>
     168:	e6 ef       	ldi	r30, 0xF6	; 246
     16a:	f1 e0       	ldi	r31, 0x01	; 1
     16c:	82 e0       	ldi	r24, 0x02	; 2
     16e:	84 83       	std	Z+4, r24	; 0x04
     170:	85 e0       	ldi	r24, 0x05	; 5
     172:	80 83       	st	Z, r24
     174:	12 c0       	rjmp	.+36     	; 0x19a <Dispense_Start+0x58>
     176:	e6 ef       	ldi	r30, 0xF6	; 246
     178:	f1 e0       	ldi	r31, 0x01	; 1
     17a:	89 81       	ldd	r24, Y+1	; 0x01
     17c:	9a 81       	ldd	r25, Y+2	; 0x02
     17e:	93 83       	std	Z+3, r25	; 0x03
     180:	82 83       	std	Z+2, r24	; 0x02
     182:	11 82       	std	Z+1, r1	; 0x01
     184:	14 82       	std	Z+4, r1	; 0x04
     186:	15 82       	std	Z+5, r1	; 0x05
     188:	16 82       	std	Z+6, r1	; 0x06
     18a:	17 82       	std	Z+7, r1	; 0x07
     18c:	10 86       	std	Z+8, r1	; 0x08
     18e:	0e 94 38 09 	call	0x1270	; 0x1270 <Sensors_IrClear>
     192:	81 e0       	ldi	r24, 0x01	; 1
     194:	0e 94 4e 09 	call	0x129c	; 0x129c <Sensors_IrEnable>
     198:	a2 df       	rcall	.-188    	; 0xde <Dispense_BeginRound>
     19a:	0f 90       	pop	r0
     19c:	0f 90       	pop	r0
     19e:	df 91       	pop	r29
     1a0:	cf 91       	pop	r28
     1a2:	1f 91       	pop	r17
     1a4:	08 95       	ret

000001a6 <Dispense_IsComplete>:
     1a6:	90 91 f6 01 	lds	r25, 0x01F6	; 0x8001f6 <__data_end>
     1aa:	81 e0       	ldi	r24, 0x01	; 1
     1ac:	95 30       	cpi	r25, 0x05	; 5
     1ae:	09 f0       	breq	.+2      	; 0x1b2 <Dispense_IsComplete+0xc>
     1b0:	80 e0       	ldi	r24, 0x00	; 0
     1b2:	08 95       	ret

000001b4 <Dispense_Result>:
     1b4:	80 91 fa 01 	lds	r24, 0x01FA	; 0x8001fa <__data_end+0x4>
     1b8:	08 95       	ret

000001ba <Dispense_Task>:
 * ========================================================================== */

void Dispense_Task(void)
{
    /* 상위설계 §6: 시퀀스 진행 중이면 전 구간에서 IR 상시 감시 */
    if (Dispense_IsBusy() && Sensors_IrDetected()) {
     1ba:	b7 df       	rcall	.-146    	; 0x12a <Dispense_IsBusy>
     1bc:	88 23       	and	r24, r24
     1be:	39 f0       	breq	.+14     	; 0x1ce <Dispense_Task+0x14>
     1c0:	0e 94 43 09 	call	0x1286	; 0x1286 <Sensors_IrDetected>
     1c4:	88 23       	and	r24, r24
     1c6:	19 f0       	breq	.+6      	; 0x1ce <Dispense_Task+0x14>
        Dispense_End(DISPENSE_RESULT_SUCCESS);
     1c8:	81 e0       	ldi	r24, 0x01	; 1
     1ca:	a0 cf       	rjmp	.-192    	; 0x10c <Dispense_End>
        return;
     1cc:	08 95       	ret
    }

    switch (s_ctx.phase) {
     1ce:	80 91 f6 01 	lds	r24, 0x01F6	; 0x8001f6 <__data_end>
     1d2:	82 30       	cpi	r24, 0x02	; 2
     1d4:	a1 f0       	breq	.+40     	; 0x1fe <Dispense_Task+0x44>
     1d6:	18 f4       	brcc	.+6      	; 0x1de <Dispense_Task+0x24>
     1d8:	81 30       	cpi	r24, 0x01	; 1
     1da:	31 f0       	breq	.+12     	; 0x1e8 <Dispense_Task+0x2e>
     1dc:	08 95       	ret
     1de:	83 30       	cpi	r24, 0x03	; 3
     1e0:	39 f1       	breq	.+78     	; 0x230 <Dispense_Task+0x76>
     1e2:	84 30       	cpi	r24, 0x04	; 4
     1e4:	81 f1       	breq	.+96     	; 0x246 <Dispense_Task+0x8c>
     1e6:	08 95       	ret

    case DPHASE_MOVE:
        if (!Stepper_AxisBusy(AXIS_Y)) {
     1e8:	81 e0       	ldi	r24, 0x01	; 1
     1ea:	0e 94 c0 0c 	call	0x1980	; 0x1980 <Stepper_AxisBusy>
     1ee:	81 11       	cpse	r24, r1
     1f0:	3c c0       	rjmp	.+120    	; 0x26a <Dispense_Task+0xb0>
            Servo_StartPushRamp();
     1f2:	0e 94 73 0a 	call	0x14e6	; 0x14e6 <Servo_StartPushRamp>
            s_ctx.phase = DPHASE_PUSH;
     1f6:	82 e0       	ldi	r24, 0x02	; 2
     1f8:	80 93 f6 01 	sts	0x01F6, r24	; 0x8001f6 <__data_end>
     1fc:	08 95       	ret
        }
        break;

    case DPHASE_PUSH:
        if (!Servo_IsBusy()) {                 /* 램프 0도 도달 (홀드) */
     1fe:	0e 94 99 0a 	call	0x1532	; 0x1532 <Servo_IsBusy>
     202:	81 11       	cpse	r24, r1
     204:	32 c0       	rjmp	.+100    	; 0x26a <Dispense_Task+0xb0>
            Servo_ReturnIdle();                /* 상위설계 §5: 0도 도달 즉시 복귀 */
     206:	0e 94 88 0a 	call	0x1510	; 0x1510 <Servo_ReturnIdle>
            if (s_ctx.round == (DISPENSE_ROUND_COUNT - 1U)) {
     20a:	80 91 f7 01 	lds	r24, 0x01F7	; 0x8001f7 <__data_end+0x1>
     20e:	82 30       	cpi	r24, 0x02	; 2
     210:	59 f4       	brne	.+22     	; 0x228 <Dispense_Task+0x6e>
                /* 3차: 복귀 완료를 기다리지 않고 5초 감지창을 병행 시작 */
                s_ctx.window_start_ms = Systick_Now();
     212:	0e 94 88 0d 	call	0x1b10	; 0x1b10 <Systick_Now>
     216:	e6 ef       	ldi	r30, 0xF6	; 246
     218:	f1 e0       	ldi	r31, 0x01	; 1
     21a:	65 83       	std	Z+5, r22	; 0x05
     21c:	76 83       	std	Z+6, r23	; 0x06
     21e:	87 83       	std	Z+7, r24	; 0x07
     220:	90 87       	std	Z+8, r25	; 0x08
                s_ctx.phase = DPHASE_WINDOW;
     222:	84 e0       	ldi	r24, 0x04	; 4
     224:	80 83       	st	Z, r24
     226:	08 95       	ret
            } else {
                s_ctx.phase = DPHASE_RETURN;
     228:	83 e0       	ldi	r24, 0x03	; 3
     22a:	80 93 f6 01 	sts	0x01F6, r24	; 0x8001f6 <__data_end>
     22e:	08 95       	ret
            }
        }
        break;

    case DPHASE_RETURN:
        if (!Servo_IsBusy()) {                 /* 180도 복귀 완료 -> 다음 차수 */
     230:	0e 94 99 0a 	call	0x1532	; 0x1532 <Servo_IsBusy>
     234:	81 11       	cpse	r24, r1
     236:	19 c0       	rjmp	.+50     	; 0x26a <Dispense_Task+0xb0>
            s_ctx.round++;
     238:	e6 ef       	ldi	r30, 0xF6	; 246
     23a:	f1 e0       	ldi	r31, 0x01	; 1
     23c:	81 81       	ldd	r24, Z+1	; 0x01
     23e:	8f 5f       	subi	r24, 0xFF	; 255
            Dispense_BeginRound();
     240:	81 83       	std	Z+1, r24	; 0x01
     242:	4d cf       	rjmp	.-358    	; 0xde <Dispense_BeginRound>
     244:	08 95       	ret
        }
        break;

    case DPHASE_WINDOW:
        /* 감지 성공은 상단 공통 블록에서 처리. 여기서는 만료 시 R=2 확정. */
        if (Systick_Elapsed(s_ctx.window_start_ms, DISPENSE_DETECT_WINDOW_MS)) {
     246:	60 91 fb 01 	lds	r22, 0x01FB	; 0x8001fb <__data_end+0x5>
     24a:	70 91 fc 01 	lds	r23, 0x01FC	; 0x8001fc <__data_end+0x6>
     24e:	80 91 fd 01 	lds	r24, 0x01FD	; 0x8001fd <__data_end+0x7>
     252:	90 91 fe 01 	lds	r25, 0x01FE	; 0x8001fe <__data_end+0x8>
     256:	28 e8       	ldi	r18, 0x88	; 136
     258:	33 e1       	ldi	r19, 0x13	; 19
     25a:	40 e0       	ldi	r20, 0x00	; 0
     25c:	50 e0       	ldi	r21, 0x00	; 0
     25e:	0e 94 94 0d 	call	0x1b28	; 0x1b28 <Systick_Elapsed>
     262:	88 23       	and	r24, r24
            Dispense_End(DISPENSE_RESULT_EMPTY);
     264:	11 f0       	breq	.+4      	; 0x26a <Dispense_Task+0xb0>
     266:	82 e0       	ldi	r24, 0x02	; 2
     268:	51 cf       	rjmp	.-350    	; 0x10c <Dispense_End>
     26a:	08 95       	ret

0000026c <Fsm_CheckIdConflict>:
}

//동일한 요청번호가 다른 Payload와 함께 재사용됐는지 확인
//같은 req_id + 다른 Payload -> ID_CONFLICT (처음 보는 req_id -> 캐시에 기록하고 false
static bool Fsm_CheckIdConflict(const Frame *f)
{
     26c:	0f 93       	push	r16
     26e:	1f 93       	push	r17
     270:	dc 01       	movw	r26, r24
    LastCmdRecord *rec = (f->cmd == CMD_MOVE) ? &g_ctx.last_move : &g_ctx.last_dispense;
     272:	8c 91       	ld	r24, X
     274:	81 30       	cpi	r24, 0x01	; 1
     276:	19 f4       	brne	.+6      	; 0x27e <Fsm_CheckIdConflict+0x12>
     278:	ec e3       	ldi	r30, 0x3C	; 60
     27a:	f3 e0       	ldi	r31, 0x03	; 3
     27c:	02 c0       	rjmp	.+4      	; 0x282 <Fsm_CheckIdConflict+0x16>
     27e:	e7 e4       	ldi	r30, 0x47	; 71
     280:	f3 e0       	ldi	r31, 0x03	; 3

    if (!rec) return false; //충돌 판정 대상 아님
     282:	30 97       	sbiw	r30, 0x00	; 0
     284:	09 f4       	brne	.+2      	; 0x288 <Fsm_CheckIdConflict+0x1c>
     286:	68 c0       	rjmp	.+208    	; 0x358 <Fsm_CheckIdConflict+0xec>

    if (rec->seen && rec->req_id == f->req_id) {
     288:	92 85       	ldd	r25, Z+10	; 0x0a
     28a:	99 23       	and	r25, r25
     28c:	f1 f1       	breq	.+124    	; 0x30a <Fsm_CheckIdConflict+0x9e>
     28e:	00 81       	ld	r16, Z
     290:	11 81       	ldd	r17, Z+1	; 0x01
     292:	22 81       	ldd	r18, Z+2	; 0x02
     294:	33 81       	ldd	r19, Z+3	; 0x03
     296:	11 96       	adiw	r26, 0x01	; 1
     298:	4d 91       	ld	r20, X+
     29a:	5d 91       	ld	r21, X+
     29c:	6d 91       	ld	r22, X+
     29e:	7c 91       	ld	r23, X
     2a0:	14 97       	sbiw	r26, 0x04	; 4
     2a2:	04 17       	cp	r16, r20
     2a4:	15 07       	cpc	r17, r21
     2a6:	26 07       	cpc	r18, r22
     2a8:	37 07       	cpc	r19, r23
     2aa:	79 f5       	brne	.+94     	; 0x30a <Fsm_CheckIdConflict+0x9e>
        bool same_payload = (rec->x == f->x) && (rec->y == f->y) &&
     2ac:	24 81       	ldd	r18, Z+4	; 0x04
     2ae:	15 96       	adiw	r26, 0x05	; 5
     2b0:	9c 91       	ld	r25, X
     2b2:	15 97       	sbiw	r26, 0x05	; 5
     2b4:	29 13       	cpse	r18, r25
     2b6:	1a c0       	rjmp	.+52     	; 0x2ec <Fsm_CheckIdConflict+0x80>
     2b8:	25 81       	ldd	r18, Z+5	; 0x05
     2ba:	16 96       	adiw	r26, 0x06	; 6
     2bc:	9c 91       	ld	r25, X
     2be:	16 97       	sbiw	r26, 0x06	; 6
     2c0:	29 13       	cpse	r18, r25
     2c2:	17 c0       	rjmp	.+46     	; 0x2f2 <Fsm_CheckIdConflict+0x86>
     2c4:	81 30       	cpi	r24, 0x01	; 1
     2c6:	c1 f4       	brne	.+48     	; 0x2f8 <Fsm_CheckIdConflict+0x8c>
                             (f->cmd != CMD_MOVE || rec->allow_time_sec == f->allow_time_sec);
     2c8:	46 81       	ldd	r20, Z+6	; 0x06
     2ca:	57 81       	ldd	r21, Z+7	; 0x07
     2cc:	60 85       	ldd	r22, Z+8	; 0x08
     2ce:	71 85       	ldd	r23, Z+9	; 0x09
     2d0:	17 96       	adiw	r26, 0x07	; 7
     2d2:	8d 91       	ld	r24, X+
     2d4:	9d 91       	ld	r25, X+
     2d6:	0d 90       	ld	r0, X+
     2d8:	bc 91       	ld	r27, X
     2da:	a0 2d       	mov	r26, r0
     2dc:	48 17       	cp	r20, r24
     2de:	59 07       	cpc	r21, r25
     2e0:	6a 07       	cpc	r22, r26
     2e2:	7b 07       	cpc	r23, r27
     2e4:	61 f0       	breq	.+24     	; 0x2fe <Fsm_CheckIdConflict+0x92>
    LastCmdRecord *rec = (f->cmd == CMD_MOVE) ? &g_ctx.last_move : &g_ctx.last_dispense;

    if (!rec) return false; //충돌 판정 대상 아님

    if (rec->seen && rec->req_id == f->req_id) {
        bool same_payload = (rec->x == f->x) && (rec->y == f->y) &&
     2e6:	80 e0       	ldi	r24, 0x00	; 0
     2e8:	90 e0       	ldi	r25, 0x00	; 0
     2ea:	0b c0       	rjmp	.+22     	; 0x302 <Fsm_CheckIdConflict+0x96>
     2ec:	80 e0       	ldi	r24, 0x00	; 0
     2ee:	90 e0       	ldi	r25, 0x00	; 0
     2f0:	08 c0       	rjmp	.+16     	; 0x302 <Fsm_CheckIdConflict+0x96>
     2f2:	80 e0       	ldi	r24, 0x00	; 0
     2f4:	90 e0       	ldi	r25, 0x00	; 0
     2f6:	05 c0       	rjmp	.+10     	; 0x302 <Fsm_CheckIdConflict+0x96>
     2f8:	81 e0       	ldi	r24, 0x01	; 1
     2fa:	90 e0       	ldi	r25, 0x00	; 0
     2fc:	02 c0       	rjmp	.+4      	; 0x302 <Fsm_CheckIdConflict+0x96>
     2fe:	81 e0       	ldi	r24, 0x01	; 1
     300:	90 e0       	ldi	r25, 0x00	; 0
                             (f->cmd != CMD_MOVE || rec->allow_time_sec == f->allow_time_sec);
        return !same_payload; //Payload 다르면 ID_CONFLICT
     302:	21 e0       	ldi	r18, 0x01	; 1
     304:	82 27       	eor	r24, r18
     306:	81 70       	andi	r24, 0x01	; 1
     308:	28 c0       	rjmp	.+80     	; 0x35a <Fsm_CheckIdConflict+0xee>
    }

    //처음 보는 요청번호 -> 캐시 갱신
    rec->req_id = f->req_id;
     30a:	11 96       	adiw	r26, 0x01	; 1
     30c:	4d 91       	ld	r20, X+
     30e:	5d 91       	ld	r21, X+
     310:	6d 91       	ld	r22, X+
     312:	7c 91       	ld	r23, X
     314:	14 97       	sbiw	r26, 0x04	; 4
     316:	40 83       	st	Z, r20
     318:	51 83       	std	Z+1, r21	; 0x01
     31a:	62 83       	std	Z+2, r22	; 0x02
     31c:	73 83       	std	Z+3, r23	; 0x03
    rec->x = f->x;
     31e:	15 96       	adiw	r26, 0x05	; 5
     320:	8c 91       	ld	r24, X
     322:	15 97       	sbiw	r26, 0x05	; 5
     324:	84 83       	std	Z+4, r24	; 0x04
    rec->y = f->y;
     326:	16 96       	adiw	r26, 0x06	; 6
     328:	8c 91       	ld	r24, X
     32a:	16 97       	sbiw	r26, 0x06	; 6
     32c:	85 83       	std	Z+5, r24	; 0x05
    rec->allow_time_sec = (f->cmd == CMD_MOVE) ? f->allow_time_sec : 0UL;
     32e:	8c 91       	ld	r24, X
     330:	81 30       	cpi	r24, 0x01	; 1
     332:	39 f4       	brne	.+14     	; 0x342 <Fsm_CheckIdConflict+0xd6>
     334:	17 96       	adiw	r26, 0x07	; 7
     336:	8d 91       	ld	r24, X+
     338:	9d 91       	ld	r25, X+
     33a:	0d 90       	ld	r0, X+
     33c:	bc 91       	ld	r27, X
     33e:	a0 2d       	mov	r26, r0
     340:	03 c0       	rjmp	.+6      	; 0x348 <Fsm_CheckIdConflict+0xdc>
     342:	80 e0       	ldi	r24, 0x00	; 0
     344:	90 e0       	ldi	r25, 0x00	; 0
     346:	dc 01       	movw	r26, r24
     348:	86 83       	std	Z+6, r24	; 0x06
     34a:	97 83       	std	Z+7, r25	; 0x07
     34c:	a0 87       	std	Z+8, r26	; 0x08
     34e:	b1 87       	std	Z+9, r27	; 0x09
    rec->seen = true;
     350:	81 e0       	ldi	r24, 0x01	; 1
     352:	82 87       	std	Z+10, r24	; 0x0a
    return false;
     354:	80 e0       	ldi	r24, 0x00	; 0
     356:	01 c0       	rjmp	.+2      	; 0x35a <Fsm_CheckIdConflict+0xee>
//같은 req_id + 다른 Payload -> ID_CONFLICT (처음 보는 req_id -> 캐시에 기록하고 false
static bool Fsm_CheckIdConflict(const Frame *f)
{
    LastCmdRecord *rec = (f->cmd == CMD_MOVE) ? &g_ctx.last_move : &g_ctx.last_dispense;

    if (!rec) return false; //충돌 판정 대상 아님
     358:	80 e0       	ldi	r24, 0x00	; 0
    rec->x = f->x;
    rec->y = f->y;
    rec->allow_time_sec = (f->cmd == CMD_MOVE) ? f->allow_time_sec : 0UL;
    rec->seen = true;
    return false;
}
     35a:	1f 91       	pop	r17
     35c:	0f 91       	pop	r16
     35e:	08 95       	ret

00000360 <Fsm_IsDuplicate>:

//수신한 명령이 처리 중인 사이클의 요청번호와 동일한지(재전송인지) 확인
static bool Fsm_IsDuplicate(const Frame *f)
{
     360:	0f 93       	push	r16
     362:	1f 93       	push	r17
    return f->req_id == g_ctx.active_req_id;
     364:	fc 01       	movw	r30, r24
     366:	01 81       	ldd	r16, Z+1	; 0x01
     368:	12 81       	ldd	r17, Z+2	; 0x02
     36a:	23 81       	ldd	r18, Z+3	; 0x03
     36c:	34 81       	ldd	r19, Z+4	; 0x04
     36e:	40 91 36 03 	lds	r20, 0x0336	; 0x800336 <g_ctx+0x3>
     372:	50 91 37 03 	lds	r21, 0x0337	; 0x800337 <g_ctx+0x4>
     376:	60 91 38 03 	lds	r22, 0x0338	; 0x800338 <g_ctx+0x5>
     37a:	70 91 39 03 	lds	r23, 0x0339	; 0x800339 <g_ctx+0x6>
     37e:	81 e0       	ldi	r24, 0x01	; 1
     380:	04 17       	cp	r16, r20
     382:	15 07       	cpc	r17, r21
     384:	26 07       	cpc	r18, r22
     386:	37 07       	cpc	r19, r23
     388:	09 f0       	breq	.+2      	; 0x38c <Fsm_IsDuplicate+0x2c>
     38a:	80 e0       	ldi	r24, 0x00	; 0
}
     38c:	1f 91       	pop	r17
     38e:	0f 91       	pop	r16
     390:	08 95       	ret

00000392 <Fsm_Init>:
static void Fsm_ServiceResultRetx(void);

//FSM 초기화
void Fsm_Init(void)
{
    memset(&g_ctx, 0, sizeof(g_ctx)); 
     392:	8a e2       	ldi	r24, 0x2A	; 42
     394:	e3 e3       	ldi	r30, 0x33	; 51
     396:	f3 e0       	ldi	r31, 0x03	; 3
     398:	df 01       	movw	r26, r30
     39a:	1d 92       	st	X+, r1
     39c:	8a 95       	dec	r24
     39e:	e9 f7       	brne	.-6      	; 0x39a <Fsm_Init+0x8>
     3a0:	08 95       	ret

000003a2 <Fsm_State>:

//현재 STATE 반환
SystemState Fsm_State(void)
{
    return g_ctx.state; 
}
     3a2:	80 91 33 03 	lds	r24, 0x0333	; 0x800333 <g_ctx>
     3a6:	08 95       	ret

000003a8 <Fsm_SetState>:

//다음 STATE로 전환
void Fsm_SetState(SystemState next)
{
    g_ctx.state = next;
     3a8:	80 93 33 03 	sts	0x0333, r24	; 0x800333 <g_ctx>
     3ac:	08 95       	ret

000003ae <Fsm_HandleMove>:
    }
}

//MOVE 처리
static void Fsm_HandleMove(const Frame *f)
{
     3ae:	cf 93       	push	r28
     3b0:	df 93       	push	r29
     3b2:	ec 01       	movw	r28, r24
    switch (g_ctx.state) {
     3b4:	80 91 33 03 	lds	r24, 0x0333	; 0x800333 <g_ctx>
     3b8:	82 30       	cpi	r24, 0x02	; 2
     3ba:	09 f4       	brne	.+2      	; 0x3be <Fsm_HandleMove+0x10>
     3bc:	45 c0       	rjmp	.+138    	; 0x448 <__LOCK_REGION_LENGTH__+0x48>
     3be:	28 f4       	brcc	.+10     	; 0x3ca <Fsm_HandleMove+0x1c>
     3c0:	88 23       	and	r24, r24
     3c2:	51 f0       	breq	.+20     	; 0x3d8 <Fsm_HandleMove+0x2a>
     3c4:	81 30       	cpi	r24, 0x01	; 1
     3c6:	69 f1       	breq	.+90     	; 0x422 <__LOCK_REGION_LENGTH__+0x22>
     3c8:	5d c0       	rjmp	.+186    	; 0x484 <__LOCK_REGION_LENGTH__+0x84>
     3ca:	85 30       	cpi	r24, 0x05	; 5
     3cc:	08 f4       	brcc	.+2      	; 0x3d0 <Fsm_HandleMove+0x22>
     3ce:	4d c0       	rjmp	.+154    	; 0x46a <__LOCK_REGION_LENGTH__+0x6a>
     3d0:	85 30       	cpi	r24, 0x05	; 5
     3d2:	09 f4       	brne	.+2      	; 0x3d6 <Fsm_HandleMove+0x28>
     3d4:	51 c0       	rjmp	.+162    	; 0x478 <__LOCK_REGION_LENGTH__+0x78>
     3d6:	56 c0       	rjmp	.+172    	; 0x484 <__LOCK_REGION_LENGTH__+0x84>

	//대기 상태
    case STATE_IDLE:
        if (!Stepper_MoveToSlot(f->x, f->y)) {
     3d8:	6e 81       	ldd	r22, Y+6	; 0x06
     3da:	8d 81       	ldd	r24, Y+5	; 0x05
     3dc:	0e 94 d8 0c 	call	0x19b0	; 0x19b0 <Stepper_MoveToSlot>
     3e0:	81 11       	cpse	r24, r1
     3e2:	07 c0       	rjmp	.+14     	; 0x3f2 <Fsm_HandleMove+0x44>
            Protocol_SendError(f->req_id, ERR_STEPPER_ERROR);
     3e4:	69 81       	ldd	r22, Y+1	; 0x01
     3e6:	7a 81       	ldd	r23, Y+2	; 0x02
     3e8:	8b 81       	ldd	r24, Y+3	; 0x03
     3ea:	9c 81       	ldd	r25, Y+4	; 0x04
     3ec:	48 e0       	ldi	r20, 0x08	; 8
     3ee:	ce d6       	rcall	.+3484   	; 0x118c <Protocol_SendError>
            break;
     3f0:	49 c0       	rjmp	.+146    	; 0x484 <__LOCK_REGION_LENGTH__+0x84>
        }

        g_ctx.active_req_id = f->req_id;
     3f2:	89 81       	ldd	r24, Y+1	; 0x01
     3f4:	9a 81       	ldd	r25, Y+2	; 0x02
     3f6:	ab 81       	ldd	r26, Y+3	; 0x03
     3f8:	bc 81       	ldd	r27, Y+4	; 0x04
     3fa:	e3 e3       	ldi	r30, 0x33	; 51
     3fc:	f3 e0       	ldi	r31, 0x03	; 3
     3fe:	83 83       	std	Z+3, r24	; 0x03
     400:	94 83       	std	Z+4, r25	; 0x04
     402:	a5 83       	std	Z+5, r26	; 0x05
     404:	b6 83       	std	Z+6, r27	; 0x06
        g_ctx.pending_x      = f->x;
     406:	8d 81       	ldd	r24, Y+5	; 0x05
     408:	87 83       	std	Z+7, r24	; 0x07
        g_ctx.pending_y      = f->y;
     40a:	8e 81       	ldd	r24, Y+6	; 0x06
     40c:	80 87       	std	Z+8, r24	; 0x08

        Protocol_SendAck(f->req_id, TOK_MOVE);	//MOVE 명령을 정상적으로 접수한 후 ACK
     40e:	69 81       	ldd	r22, Y+1	; 0x01
     410:	7a 81       	ldd	r23, Y+2	; 0x02
     412:	8b 81       	ldd	r24, Y+3	; 0x03
     414:	9c 81       	ldd	r25, Y+4	; 0x04
     416:	46 e0       	ldi	r20, 0x06	; 6
     418:	51 e0       	ldi	r21, 0x01	; 1
     41a:	d4 d5       	rcall	.+2984   	; 0xfc4 <Protocol_SendAck>
        Fsm_SetState(STATE_MOVING);
     41c:	81 e0       	ldi	r24, 0x01	; 1
     41e:	c4 df       	rcall	.-120    	; 0x3a8 <Fsm_SetState>
        break;
     420:	31 c0       	rjmp	.+98     	; 0x484 <__LOCK_REGION_LENGTH__+0x84>

    case STATE_MOVING:
        if (Fsm_IsDuplicate(f)) { //동일한 MOVE가 재전송된 경우 
     422:	ce 01       	movw	r24, r28
     424:	9d df       	rcall	.-198    	; 0x360 <Fsm_IsDuplicate>
     426:	88 23       	and	r24, r24
     428:	41 f0       	breq	.+16     	; 0x43a <__LOCK_REGION_LENGTH__+0x3a>
     42a:	69 81       	ldd	r22, Y+1	; 0x01
            Protocol_SendAck(f->req_id, TOK_MOVE); //ACK만 재전송
     42c:	7a 81       	ldd	r23, Y+2	; 0x02
     42e:	8b 81       	ldd	r24, Y+3	; 0x03
     430:	9c 81       	ldd	r25, Y+4	; 0x04
     432:	46 e0       	ldi	r20, 0x06	; 6
     434:	51 e0       	ldi	r21, 0x01	; 1
     436:	c6 d5       	rcall	.+2956   	; 0xfc4 <Protocol_SendAck>
     438:	25 c0       	rjmp	.+74     	; 0x484 <__LOCK_REGION_LENGTH__+0x84>
     43a:	69 81       	ldd	r22, Y+1	; 0x01
        } else { 
            Protocol_SendError(f->req_id, ERR_BUSY);
     43c:	7a 81       	ldd	r23, Y+2	; 0x02
     43e:	8b 81       	ldd	r24, Y+3	; 0x03
     440:	9c 81       	ldd	r25, Y+4	; 0x04
     442:	44 e0       	ldi	r20, 0x04	; 4
     444:	a3 d6       	rcall	.+3398   	; 0x118c <Protocol_SendError>
     446:	1e c0       	rjmp	.+60     	; 0x484 <__LOCK_REGION_LENGTH__+0x84>
        }
        break;

    case STATE_AWAITING_DISPENSE:
        if (Fsm_IsDuplicate(f)) { //완료된 MOVE가 재전송된 경우
     448:	ce 01       	movw	r24, r28
     44a:	8a df       	rcall	.-236    	; 0x360 <Fsm_IsDuplicate>
     44c:	88 23       	and	r24, r24
     44e:	31 f0       	breq	.+12     	; 0x45c <__LOCK_REGION_LENGTH__+0x5c>
            Protocol_SendWait(f->req_id); //현재 배출 대기 상태를 다시 알려줌
     450:	69 81       	ldd	r22, Y+1	; 0x01
     452:	7a 81       	ldd	r23, Y+2	; 0x02
     454:	8b 81       	ldd	r24, Y+3	; 0x03
     456:	9c 81       	ldd	r25, Y+4	; 0x04
     458:	ea d5       	rcall	.+3028   	; 0x102e <Protocol_SendWait>
     45a:	14 c0       	rjmp	.+40     	; 0x484 <__LOCK_REGION_LENGTH__+0x84>
        } else {
            Protocol_SendError(f->req_id, ERR_BUSY);
     45c:	69 81       	ldd	r22, Y+1	; 0x01
     45e:	7a 81       	ldd	r23, Y+2	; 0x02
     460:	8b 81       	ldd	r24, Y+3	; 0x03
     462:	9c 81       	ldd	r25, Y+4	; 0x04
     464:	44 e0       	ldi	r20, 0x04	; 4
     466:	92 d6       	rcall	.+3364   	; 0x118c <Protocol_SendError>
     468:	0d c0       	rjmp	.+26     	; 0x484 <__LOCK_REGION_LENGTH__+0x84>
        }
        break;

    case STATE_DISPENSING:
    case STATE_AWAITING_RESULT_ACK:
        Protocol_SendError(f->req_id, ERR_BUSY);
     46a:	69 81       	ldd	r22, Y+1	; 0x01
     46c:	7a 81       	ldd	r23, Y+2	; 0x02
     46e:	8b 81       	ldd	r24, Y+3	; 0x03
     470:	9c 81       	ldd	r25, Y+4	; 0x04
     472:	44 e0       	ldi	r20, 0x04	; 4
     474:	8b d6       	rcall	.+3350   	; 0x118c <Protocol_SendError>
        break;
     476:	06 c0       	rjmp	.+12     	; 0x484 <__LOCK_REGION_LENGTH__+0x84>

    case STATE_RECOVERY_REQUIRED:
        Protocol_SendError(f->req_id, ERR_RECOVERY_REQUIRED);
     478:	69 81       	ldd	r22, Y+1	; 0x01
     47a:	7a 81       	ldd	r23, Y+2	; 0x02
     47c:	8b 81       	ldd	r24, Y+3	; 0x03
     47e:	9c 81       	ldd	r25, Y+4	; 0x04
     480:	47 e0       	ldi	r20, 0x07	; 7
     482:	84 d6       	rcall	.+3336   	; 0x118c <Protocol_SendError>
     484:	df 91       	pop	r29
        break;

    default:
        break;
    }
}
     486:	cf 91       	pop	r28
     488:	08 95       	ret

0000048a <Fsm_HandleDispense>:
     48a:	cf 92       	push	r12

//DISPENSE 처리
static void Fsm_HandleDispense(const Frame *f)
{
     48c:	df 92       	push	r13
     48e:	ef 92       	push	r14
     490:	ff 92       	push	r15
     492:	0f 93       	push	r16
     494:	cf 93       	push	r28
     496:	df 93       	push	r29
     498:	ec 01       	movw	r28, r24
    switch (g_ctx.state) {
     49a:	80 91 33 03 	lds	r24, 0x0333	; 0x800333 <g_ctx>
     49e:	83 30       	cpi	r24, 0x03	; 3
     4a0:	09 f4       	brne	.+2      	; 0x4a4 <Fsm_HandleDispense+0x1a>
     4a2:	3e c0       	rjmp	.+124    	; 0x520 <Fsm_HandleDispense+0x96>
     4a4:	28 f4       	brcc	.+10     	; 0x4b0 <Fsm_HandleDispense+0x26>
     4a6:	81 30       	cpi	r24, 0x01	; 1
     4a8:	51 f0       	breq	.+20     	; 0x4be <Fsm_HandleDispense+0x34>
     4aa:	82 30       	cpi	r24, 0x02	; 2
     4ac:	79 f0       	breq	.+30     	; 0x4cc <Fsm_HandleDispense+0x42>
     4ae:	6e c0       	rjmp	.+220    	; 0x58c <Fsm_HandleDispense+0x102>
     4b0:	84 30       	cpi	r24, 0x04	; 4
     4b2:	09 f4       	brne	.+2      	; 0x4b6 <Fsm_HandleDispense+0x2c>
     4b4:	48 c0       	rjmp	.+144    	; 0x546 <Fsm_HandleDispense+0xbc>
     4b6:	85 30       	cpi	r24, 0x05	; 5
     4b8:	09 f4       	brne	.+2      	; 0x4bc <Fsm_HandleDispense+0x32>
     4ba:	62 c0       	rjmp	.+196    	; 0x580 <Fsm_HandleDispense+0xf6>
     4bc:	67 c0       	rjmp	.+206    	; 0x58c <Fsm_HandleDispense+0x102>
    case STATE_IDLE:
        //무시
        break;

    case STATE_MOVING: //WAIT 이전 DISPENSE
        Protocol_SendError(f->req_id, ERR_NOT_READY);
     4be:	69 81       	ldd	r22, Y+1	; 0x01
     4c0:	7a 81       	ldd	r23, Y+2	; 0x02
     4c2:	8b 81       	ldd	r24, Y+3	; 0x03
     4c4:	9c 81       	ldd	r25, Y+4	; 0x04
     4c6:	45 e0       	ldi	r20, 0x05	; 5
     4c8:	61 d6       	rcall	.+3266   	; 0x118c <Protocol_SendError>
        break;
     4ca:	60 c0       	rjmp	.+192    	; 0x58c <Fsm_HandleDispense+0x102>

    case STATE_AWAITING_DISPENSE:
        //DISPENSE의 좌표는 직전에 수행한 MOVE의 좌표와 일치해야 함
        if (f->x == g_ctx.pending_x && f->y == g_ctx.pending_y) {
     4cc:	9d 81       	ldd	r25, Y+5	; 0x05
     4ce:	80 91 3a 03 	lds	r24, 0x033A	; 0x80033a <g_ctx+0x7>
     4d2:	98 13       	cpse	r25, r24
     4d4:	1e c0       	rjmp	.+60     	; 0x512 <Fsm_HandleDispense+0x88>
     4d6:	9e 81       	ldd	r25, Y+6	; 0x06
     4d8:	80 91 3b 03 	lds	r24, 0x033B	; 0x80033b <g_ctx+0x8>
     4dc:	98 13       	cpse	r25, r24
     4de:	19 c0       	rjmp	.+50     	; 0x512 <Fsm_HandleDispense+0x88>
            g_ctx.active_req_id = f->req_id;
     4e0:	89 81       	ldd	r24, Y+1	; 0x01
     4e2:	9a 81       	ldd	r25, Y+2	; 0x02
     4e4:	ab 81       	ldd	r26, Y+3	; 0x03
     4e6:	bc 81       	ldd	r27, Y+4	; 0x04
     4e8:	80 93 36 03 	sts	0x0336, r24	; 0x800336 <g_ctx+0x3>
     4ec:	90 93 37 03 	sts	0x0337, r25	; 0x800337 <g_ctx+0x4>
     4f0:	a0 93 38 03 	sts	0x0338, r26	; 0x800338 <g_ctx+0x5>
     4f4:	b0 93 39 03 	sts	0x0339, r27	; 0x800339 <g_ctx+0x6>

            Protocol_SendAck(f->req_id, TOK_DISPENSE);	//배출 동작을 시작
     4f8:	69 81       	ldd	r22, Y+1	; 0x01
     4fa:	7a 81       	ldd	r23, Y+2	; 0x02
     4fc:	8b 81       	ldd	r24, Y+3	; 0x03
     4fe:	9c 81       	ldd	r25, Y+4	; 0x04
     500:	4b e0       	ldi	r20, 0x0B	; 11
     502:	51 e0       	ldi	r21, 0x01	; 1
     504:	5f d5       	rcall	.+2750   	; 0xfc4 <Protocol_SendAck>
            Dispense_Start(f->x, f->y);
     506:	6e 81       	ldd	r22, Y+6	; 0x06
     508:	8d 81       	ldd	r24, Y+5	; 0x05
            Fsm_SetState(STATE_DISPENSING);
     50a:	1b de       	rcall	.-970    	; 0x142 <Dispense_Start>
     50c:	83 e0       	ldi	r24, 0x03	; 3
     50e:	4c df       	rcall	.-360    	; 0x3a8 <Fsm_SetState>
     510:	3d c0       	rjmp	.+122    	; 0x58c <Fsm_HandleDispense+0x102>
        } else {
            Protocol_SendError(f->req_id, ERR_COORD_MISMATCH);
     512:	69 81       	ldd	r22, Y+1	; 0x01
     514:	7a 81       	ldd	r23, Y+2	; 0x02
     516:	8b 81       	ldd	r24, Y+3	; 0x03
     518:	9c 81       	ldd	r25, Y+4	; 0x04
     51a:	46 e0       	ldi	r20, 0x06	; 6
     51c:	37 d6       	rcall	.+3182   	; 0x118c <Protocol_SendError>
        }
        break;

    case STATE_DISPENSING:
        if (Fsm_IsDuplicate(f)) { //동일한 DISPENSE가 재전송
     51e:	36 c0       	rjmp	.+108    	; 0x58c <Fsm_HandleDispense+0x102>
     520:	ce 01       	movw	r24, r28
     522:	1e df       	rcall	.-452    	; 0x360 <Fsm_IsDuplicate>
     524:	88 23       	and	r24, r24
     526:	41 f0       	breq	.+16     	; 0x538 <Fsm_HandleDispense+0xae>
            Protocol_SendAck(f->req_id, TOK_DISPENSE);	//ACK만 재전송
     528:	69 81       	ldd	r22, Y+1	; 0x01
     52a:	7a 81       	ldd	r23, Y+2	; 0x02
     52c:	8b 81       	ldd	r24, Y+3	; 0x03
     52e:	9c 81       	ldd	r25, Y+4	; 0x04
     530:	4b e0       	ldi	r20, 0x0B	; 11
     532:	51 e0       	ldi	r21, 0x01	; 1
     534:	47 d5       	rcall	.+2702   	; 0xfc4 <Protocol_SendAck>
        } else {
            Protocol_SendError(f->req_id, ERR_BUSY);
     536:	2a c0       	rjmp	.+84     	; 0x58c <Fsm_HandleDispense+0x102>
     538:	69 81       	ldd	r22, Y+1	; 0x01
     53a:	7a 81       	ldd	r23, Y+2	; 0x02
     53c:	8b 81       	ldd	r24, Y+3	; 0x03
     53e:	9c 81       	ldd	r25, Y+4	; 0x04
     540:	44 e0       	ldi	r20, 0x04	; 4
     542:	24 d6       	rcall	.+3144   	; 0x118c <Protocol_SendError>
     544:	23 c0       	rjmp	.+70     	; 0x58c <Fsm_HandleDispense+0x102>
        }
        break;

    case STATE_AWAITING_RESULT_ACK:
        if (f->req_id == g_ctx.result_req_id) { //동일한 DISPENSE가 재전송 -> 결과를 다시 전송
     546:	69 81       	ldd	r22, Y+1	; 0x01
     548:	7a 81       	ldd	r23, Y+2	; 0x02
     54a:	8b 81       	ldd	r24, Y+3	; 0x03
     54c:	9c 81       	ldd	r25, Y+4	; 0x04
     54e:	c0 90 53 03 	lds	r12, 0x0353	; 0x800353 <g_ctx+0x20>
     552:	d0 90 54 03 	lds	r13, 0x0354	; 0x800354 <g_ctx+0x21>
     556:	e0 90 55 03 	lds	r14, 0x0355	; 0x800355 <g_ctx+0x22>
     55a:	f0 90 56 03 	lds	r15, 0x0356	; 0x800356 <g_ctx+0x23>
     55e:	6c 15       	cp	r22, r12
     560:	7d 05       	cpc	r23, r13
     562:	8e 05       	cpc	r24, r14
     564:	9f 05       	cpc	r25, r15
            Protocol_SendResult(g_ctx.result_req_id, g_ctx.cur_x, g_ctx.cur_y, g_ctx.cached_result);
     566:	49 f4       	brne	.+18     	; 0x57a <Fsm_HandleDispense+0xf0>
     568:	e3 e3       	ldi	r30, 0x33	; 51
     56a:	f3 e0       	ldi	r31, 0x03	; 3
     56c:	07 8d       	ldd	r16, Z+31	; 0x1f
     56e:	22 81       	ldd	r18, Z+2	; 0x02
     570:	41 81       	ldd	r20, Z+1	; 0x01
     572:	c7 01       	movw	r24, r14
     574:	b6 01       	movw	r22, r12
     576:	8e d5       	rcall	.+2844   	; 0x1094 <Protocol_SendResult>
        } else {
            Protocol_SendError(f->req_id, ERR_BUSY);
     578:	09 c0       	rjmp	.+18     	; 0x58c <Fsm_HandleDispense+0x102>
     57a:	44 e0       	ldi	r20, 0x04	; 4
     57c:	07 d6       	rcall	.+3086   	; 0x118c <Protocol_SendError>
     57e:	06 c0       	rjmp	.+12     	; 0x58c <Fsm_HandleDispense+0x102>
        }
        break;

    case STATE_RECOVERY_REQUIRED:
        Protocol_SendError(f->req_id, ERR_RECOVERY_REQUIRED);
     580:	69 81       	ldd	r22, Y+1	; 0x01
     582:	7a 81       	ldd	r23, Y+2	; 0x02
     584:	8b 81       	ldd	r24, Y+3	; 0x03
     586:	9c 81       	ldd	r25, Y+4	; 0x04
     588:	47 e0       	ldi	r20, 0x07	; 7
     58a:	00 d6       	rcall	.+3072   	; 0x118c <Protocol_SendError>
     58c:	df 91       	pop	r29
        break;

    default:
        break;
    }
}
     58e:	cf 91       	pop	r28
     590:	0f 91       	pop	r16
     592:	ff 90       	pop	r15
     594:	ef 90       	pop	r14
     596:	df 90       	pop	r13
     598:	cf 90       	pop	r12
     59a:	08 95       	ret

0000059c <Fsm_HandleTimeout>:
     59c:	0f 93       	push	r16

//TIMEOUT 처리
static void Fsm_HandleTimeout(const Frame *f)
{
     59e:	1f 93       	push	r17
     5a0:	fc 01       	movw	r30, r24
    switch (g_ctx.state) {
     5a2:	90 91 33 03 	lds	r25, 0x0333	; 0x800333 <g_ctx>
     5a6:	99 23       	and	r25, r25
     5a8:	c9 f0       	breq	.+50     	; 0x5dc <Fsm_HandleTimeout+0x40>
     5aa:	92 30       	cpi	r25, 0x02	; 2
     5ac:	f1 f4       	brne	.+60     	; 0x5ea <Fsm_HandleTimeout+0x4e>

    case STATE_AWAITING_DISPENSE:
        //현재 활성화된 MOVE의 요청번호와 일치할 때만 배출 대기를 종료
        if (f->req_id == g_ctx.active_req_id) {
     5ae:	61 81       	ldd	r22, Z+1	; 0x01
     5b0:	72 81       	ldd	r23, Z+2	; 0x02
     5b2:	83 81       	ldd	r24, Z+3	; 0x03
     5b4:	94 81       	ldd	r25, Z+4	; 0x04
     5b6:	00 91 36 03 	lds	r16, 0x0336	; 0x800336 <g_ctx+0x3>
     5ba:	10 91 37 03 	lds	r17, 0x0337	; 0x800337 <g_ctx+0x4>
     5be:	20 91 38 03 	lds	r18, 0x0338	; 0x800338 <g_ctx+0x5>
     5c2:	30 91 39 03 	lds	r19, 0x0339	; 0x800339 <g_ctx+0x6>
     5c6:	60 17       	cp	r22, r16
     5c8:	71 07       	cpc	r23, r17
     5ca:	82 07       	cpc	r24, r18
     5cc:	93 07       	cpc	r25, r19
     5ce:	69 f4       	brne	.+26     	; 0x5ea <Fsm_HandleTimeout+0x4e>
            Protocol_SendAck(f->req_id, TOK_TIMEOUT);
     5d0:	44 e1       	ldi	r20, 0x14	; 20
     5d2:	51 e0       	ldi	r21, 0x01	; 1
     5d4:	f7 d4       	rcall	.+2542   	; 0xfc4 <Protocol_SendAck>
            Fsm_SetState(STATE_IDLE);
     5d6:	80 e0       	ldi	r24, 0x00	; 0
     5d8:	e7 de       	rcall	.-562    	; 0x3a8 <Fsm_SetState>
     5da:	07 c0       	rjmp	.+14     	; 0x5ea <Fsm_HandleTimeout+0x4e>
        }
        //req_id 불일치시 무응답
        break;

    case STATE_IDLE:
        Protocol_SendAck(f->req_id, TOK_TIMEOUT);
     5dc:	61 81       	ldd	r22, Z+1	; 0x01
     5de:	72 81       	ldd	r23, Z+2	; 0x02
     5e0:	83 81       	ldd	r24, Z+3	; 0x03
     5e2:	94 81       	ldd	r25, Z+4	; 0x04
     5e4:	44 e1       	ldi	r20, 0x14	; 20
     5e6:	51 e0       	ldi	r21, 0x01	; 1
     5e8:	ed d4       	rcall	.+2522   	; 0xfc4 <Protocol_SendAck>
        break;

    default:
        break;	//그 외 상태 -> 무응답
    }
}
     5ea:	1f 91       	pop	r17
     5ec:	0f 91       	pop	r16
     5ee:	08 95       	ret

000005f0 <Fsm_HandleAck>:

//ACK 처리
static void Fsm_HandleAck(const Frame *f)
{
     5f0:	fc 01       	movw	r30, r24
    //AWAITING_RESULT_ACK 상태에서만 ACK 처리
    if (g_ctx.state != STATE_AWAITING_RESULT_ACK) return;	//그 외 상태는 무응답
     5f2:	90 91 33 03 	lds	r25, 0x0333	; 0x800333 <g_ctx>
     5f6:	94 30       	cpi	r25, 0x04	; 4
     5f8:	99 f4       	brne	.+38     	; 0x620 <Fsm_HandleAck+0x30>

    //현재 전송 중인 RESULT의 요청번호와 일치해야 함
    if (f->req_id != g_ctx.result_req_id) return;
     5fa:	41 81       	ldd	r20, Z+1	; 0x01
     5fc:	52 81       	ldd	r21, Z+2	; 0x02
     5fe:	63 81       	ldd	r22, Z+3	; 0x03
     600:	74 81       	ldd	r23, Z+4	; 0x04
     602:	80 91 53 03 	lds	r24, 0x0353	; 0x800353 <g_ctx+0x20>
     606:	90 91 54 03 	lds	r25, 0x0354	; 0x800354 <g_ctx+0x21>
     60a:	a0 91 55 03 	lds	r26, 0x0355	; 0x800355 <g_ctx+0x22>
     60e:	b0 91 56 03 	lds	r27, 0x0356	; 0x800356 <g_ctx+0x23>
     612:	48 17       	cp	r20, r24
     614:	59 07       	cpc	r21, r25
     616:	6a 07       	cpc	r22, r26
     618:	7b 07       	cpc	r23, r27
     61a:	11 f4       	brne	.+4      	; 0x620 <Fsm_HandleAck+0x30>

    //RESULT가 정상적으로 수신되면 IDLE 상태로 전환
    Fsm_SetState(STATE_IDLE);
     61c:	80 e0       	ldi	r24, 0x00	; 0
     61e:	c4 ce       	rjmp	.-632    	; 0x3a8 <Fsm_SetState>
     620:	08 95       	ret

00000622 <Fsm_ServiceResultRetx>:
}

//RESULT 재전송 처리 - 재전송 주기가 지났는지 확인하고, RESULT를 10초 주기로 최대 6회까지 재전송
//(6회를 넘어서면 강제로 STATE_IDLE로 전이)
static void Fsm_ServiceResultRetx(void)
{
     622:	0f 93       	push	r16
     624:	cf 93       	push	r28
     626:	df 93       	push	r29
    if (!Systick_Elapsed(g_ctx.result_retx_tick_ms, RESULT_RETX_INTERVAL_MS)) return;
     628:	60 91 58 03 	lds	r22, 0x0358	; 0x800358 <g_ctx+0x25>
     62c:	70 91 59 03 	lds	r23, 0x0359	; 0x800359 <g_ctx+0x26>
     630:	80 91 5a 03 	lds	r24, 0x035A	; 0x80035a <g_ctx+0x27>
     634:	90 91 5b 03 	lds	r25, 0x035B	; 0x80035b <g_ctx+0x28>
     638:	20 e1       	ldi	r18, 0x10	; 16
     63a:	37 e2       	ldi	r19, 0x27	; 39
     63c:	40 e0       	ldi	r20, 0x00	; 0
     63e:	50 e0       	ldi	r21, 0x00	; 0
     640:	0e 94 94 0d 	call	0x1b28	; 0x1b28 <Systick_Elapsed>
     644:	88 23       	and	r24, r24
     646:	c9 f0       	breq	.+50     	; 0x67a <Fsm_ServiceResultRetx+0x58>

    if (g_ctx.result_retx_count < RESULT_RETX_MAX_COUNT) {
     648:	80 91 57 03 	lds	r24, 0x0357	; 0x800357 <g_ctx+0x24>
     64c:	86 30       	cpi	r24, 0x06	; 6
     64e:	98 f4       	brcc	.+38     	; 0x676 <Fsm_ServiceResultRetx+0x54>
        g_ctx.result_retx_count++;
     650:	c3 e3       	ldi	r28, 0x33	; 51
     652:	d3 e0       	ldi	r29, 0x03	; 3
     654:	8f 5f       	subi	r24, 0xFF	; 255
     656:	8c a3       	std	Y+36, r24	; 0x24
        g_ctx.result_retx_tick_ms = Systick_Now();
     658:	0e 94 88 0d 	call	0x1b10	; 0x1b10 <Systick_Now>
     65c:	6d a3       	std	Y+37, r22	; 0x25
     65e:	7e a3       	std	Y+38, r23	; 0x26
     660:	8f a3       	std	Y+39, r24	; 0x27
     662:	98 a7       	std	Y+40, r25	; 0x28
        Protocol_SendResult(g_ctx.result_req_id, g_ctx.cur_x, g_ctx.cur_y, g_ctx.cached_result);
     664:	68 a1       	ldd	r22, Y+32	; 0x20
     666:	79 a1       	ldd	r23, Y+33	; 0x21
     668:	8a a1       	ldd	r24, Y+34	; 0x22
     66a:	9b a1       	ldd	r25, Y+35	; 0x23
     66c:	0f 8d       	ldd	r16, Y+31	; 0x1f
     66e:	2a 81       	ldd	r18, Y+2	; 0x02
     670:	49 81       	ldd	r20, Y+1	; 0x01
     672:	10 d5       	rcall	.+2592   	; 0x1094 <Protocol_SendResult>
     674:	02 c0       	rjmp	.+4      	; 0x67a <Fsm_ServiceResultRetx+0x58>
    } else {
        //최대 6회 재전송에도 ACK 없음 -> 추가 송신 없이 강제 IDLE 전이
        Fsm_SetState(STATE_IDLE);
     676:	80 e0       	ldi	r24, 0x00	; 0
     678:	97 de       	rcall	.-722    	; 0x3a8 <Fsm_SetState>
    }
}
     67a:	df 91       	pop	r29
     67c:	cf 91       	pop	r28
     67e:	0f 91       	pop	r16
     680:	08 95       	ret

00000682 <Fsm_HandleFrame>:
    return f->req_id == g_ctx.active_req_id;
}

//수신 처리 - 한 프레임을 받아 상태머신에 반영
void Fsm_HandleFrame(const Frame *f)
{
     682:	cf 93       	push	r28
     684:	df 93       	push	r29
     686:	ec 01       	movw	r28, r24
    if (!f->valid) { //구문이 유효하지 않으면
     688:	8f 89       	ldd	r24, Y+23	; 0x17
     68a:	81 11       	cpse	r24, r1
     68c:	06 c0       	rjmp	.+12     	; 0x69a <Fsm_HandleFrame+0x18>
        if (!g_ctx.boot_suppress_error) {
     68e:	80 91 5c 03 	lds	r24, 0x035C	; 0x80035c <g_ctx+0x29>
     692:	81 11       	cpse	r24, r1
     694:	48 c0       	rjmp	.+144    	; 0x726 <Fsm_HandleFrame+0xa4>
            Protocol_SendInvalidFormat(); //잘못된 포맷
     696:	b9 d5       	rcall	.+2930   	; 0x120a <Protocol_SendInvalidFormat>
     698:	46 c0       	rjmp	.+140    	; 0x726 <Fsm_HandleFrame+0xa4>
        }
        return;
    }

    switch (f->cmd) {
     69a:	88 81       	ld	r24, Y
     69c:	83 30       	cpi	r24, 0x03	; 3
     69e:	09 f4       	brne	.+2      	; 0x6a2 <Fsm_HandleFrame+0x20>
     6a0:	40 c0       	rjmp	.+128    	; 0x722 <Fsm_HandleFrame+0xa0>
     6a2:	18 f4       	brcc	.+6      	; 0x6aa <Fsm_HandleFrame+0x28>
     6a4:	81 30       	cpi	r24, 0x01	; 1
     6a6:	20 f4       	brcc	.+8      	; 0x6b0 <Fsm_HandleFrame+0x2e>
     6a8:	3e c0       	rjmp	.+124    	; 0x726 <Fsm_HandleFrame+0xa4>
     6aa:	84 30       	cpi	r24, 0x04	; 4
     6ac:	b9 f1       	breq	.+110    	; 0x71c <Fsm_HandleFrame+0x9a>
     6ae:	3b c0       	rjmp	.+118    	; 0x726 <Fsm_HandleFrame+0xa4>
    case CMD_MOVE:
    case CMD_DISPENSE:
        //좌표 범위 확인
        if (f->x > COORD_X_MAX || f->y > COORD_Y_MAX) {
     6b0:	9d 81       	ldd	r25, Y+5	; 0x05
     6b2:	92 30       	cpi	r25, 0x02	; 2
     6b4:	18 f4       	brcc	.+6      	; 0x6bc <Fsm_HandleFrame+0x3a>
     6b6:	9e 81       	ldd	r25, Y+6	; 0x06
     6b8:	95 30       	cpi	r25, 0x05	; 5
     6ba:	38 f0       	brcs	.+14     	; 0x6ca <Fsm_HandleFrame+0x48>
            Protocol_SendError(f->req_id, ERR_INVALID_COORD); //유효하지 않은 좌표
     6bc:	69 81       	ldd	r22, Y+1	; 0x01
     6be:	7a 81       	ldd	r23, Y+2	; 0x02
     6c0:	8b 81       	ldd	r24, Y+3	; 0x03
     6c2:	9c 81       	ldd	r25, Y+4	; 0x04
     6c4:	41 e0       	ldi	r20, 0x01	; 1
     6c6:	62 d5       	rcall	.+2756   	; 0x118c <Protocol_SendError>
            return;
     6c8:	2e c0       	rjmp	.+92     	; 0x726 <Fsm_HandleFrame+0xa4>
        }
        //MOVE의 ALLOW_TIME 범위 확인
        if (f->cmd == CMD_MOVE &&
     6ca:	81 30       	cpi	r24, 0x01	; 1
     6cc:	99 f4       	brne	.+38     	; 0x6f4 <Fsm_HandleFrame+0x72>
            (f->allow_time_sec < ALLOW_TIME_MIN_SEC || f->allow_time_sec > ALLOW_TIME_MAX_SEC)) {
     6ce:	8f 81       	ldd	r24, Y+7	; 0x07
     6d0:	98 85       	ldd	r25, Y+8	; 0x08
     6d2:	a9 85       	ldd	r26, Y+9	; 0x09
     6d4:	ba 85       	ldd	r27, Y+10	; 0x0a
     6d6:	01 97       	sbiw	r24, 0x01	; 1
     6d8:	a1 09       	sbc	r26, r1
     6da:	b1 09       	sbc	r27, r1
        if (f->x > COORD_X_MAX || f->y > COORD_Y_MAX) {
            Protocol_SendError(f->req_id, ERR_INVALID_COORD); //유효하지 않은 좌표
            return;
        }
        //MOVE의 ALLOW_TIME 범위 확인
        if (f->cmd == CMD_MOVE &&
     6dc:	8f 33       	cpi	r24, 0x3F	; 63
     6de:	92 44       	sbci	r25, 0x42	; 66
     6e0:	af 40       	sbci	r26, 0x0F	; 15
     6e2:	b1 05       	cpc	r27, r1
     6e4:	38 f0       	brcs	.+14     	; 0x6f4 <Fsm_HandleFrame+0x72>
            (f->allow_time_sec < ALLOW_TIME_MIN_SEC || f->allow_time_sec > ALLOW_TIME_MAX_SEC)) {
            Protocol_SendError(f->req_id, ERR_INVALID_TIME); //유효하지 않은 시간
     6e6:	69 81       	ldd	r22, Y+1	; 0x01
     6e8:	7a 81       	ldd	r23, Y+2	; 0x02
     6ea:	8b 81       	ldd	r24, Y+3	; 0x03
     6ec:	9c 81       	ldd	r25, Y+4	; 0x04
     6ee:	42 e0       	ldi	r20, 0x02	; 2
     6f0:	4d d5       	rcall	.+2714   	; 0x118c <Protocol_SendError>
            return;
     6f2:	19 c0       	rjmp	.+50     	; 0x726 <Fsm_HandleFrame+0xa4>
        }
        //ID_CONFLICT 검사
        if (Fsm_CheckIdConflict(f)) {
     6f4:	ce 01       	movw	r24, r28
     6f6:	ba dd       	rcall	.-1164   	; 0x26c <Fsm_CheckIdConflict>
     6f8:	88 23       	and	r24, r24
     6fa:	39 f0       	breq	.+14     	; 0x70a <Fsm_HandleFrame+0x88>
     6fc:	69 81       	ldd	r22, Y+1	; 0x01
            Protocol_SendError(f->req_id, ERR_ID_CONFLICT); //같은 요청번호 재사용
     6fe:	7a 81       	ldd	r23, Y+2	; 0x02
     700:	8b 81       	ldd	r24, Y+3	; 0x03
     702:	9c 81       	ldd	r25, Y+4	; 0x04
     704:	43 e0       	ldi	r20, 0x03	; 3
     706:	42 d5       	rcall	.+2692   	; 0x118c <Protocol_SendError>
     708:	0e c0       	rjmp	.+28     	; 0x726 <Fsm_HandleFrame+0xa4>
            return;
        }
		//정상 처리
        if (f->cmd == CMD_MOVE) {
     70a:	88 81       	ld	r24, Y
     70c:	81 30       	cpi	r24, 0x01	; 1
            Fsm_HandleMove(f);
     70e:	19 f4       	brne	.+6      	; 0x716 <Fsm_HandleFrame+0x94>
     710:	ce 01       	movw	r24, r28
     712:	4d de       	rcall	.-870    	; 0x3ae <Fsm_HandleMove>
        } else {
            Fsm_HandleDispense(f);
     714:	08 c0       	rjmp	.+16     	; 0x726 <Fsm_HandleFrame+0xa4>
     716:	ce 01       	movw	r24, r28
     718:	b8 de       	rcall	.-656    	; 0x48a <Fsm_HandleDispense>
        }
        break;

    case CMD_TIMEOUT:
        Fsm_HandleTimeout(f);
     71a:	05 c0       	rjmp	.+10     	; 0x726 <Fsm_HandleFrame+0xa4>
     71c:	ce 01       	movw	r24, r28
     71e:	3e df       	rcall	.-388    	; 0x59c <Fsm_HandleTimeout>
        break;
     720:	02 c0       	rjmp	.+4      	; 0x726 <Fsm_HandleFrame+0xa4>

    case CMD_ACK:
        Fsm_HandleAck(f);
     722:	ce 01       	movw	r24, r28
     724:	65 df       	rcall	.-310    	; 0x5f0 <Fsm_HandleAck>
     726:	df 91       	pop	r29
        break;

    default:
        break;
    }
}
     728:	cf 91       	pop	r28
     72a:	08 95       	ret

0000072c <Fsm_Task>:
     72c:	0f 93       	push	r16
    }
}

//주기적 FSM 처리 - 매 루프마다 폴링해서 도착/완료 감지 & RESULT 재전송
void Fsm_Task(void)
{
     72e:	cf 93       	push	r28
     730:	df 93       	push	r29
    switch (g_ctx.state) {
     732:	80 91 33 03 	lds	r24, 0x0333	; 0x800333 <g_ctx>
     736:	83 30       	cpi	r24, 0x03	; 3
     738:	d9 f0       	breq	.+54     	; 0x770 <Fsm_Task+0x44>
     73a:	18 f4       	brcc	.+6      	; 0x742 <Fsm_Task+0x16>
     73c:	81 30       	cpi	r24, 0x01	; 1
     73e:	31 f0       	breq	.+12     	; 0x74c <Fsm_Task+0x20>
     740:	44 c0       	rjmp	.+136    	; 0x7ca <Fsm_Task+0x9e>
     742:	84 30       	cpi	r24, 0x04	; 4
     744:	b1 f1       	breq	.+108    	; 0x7b2 <Fsm_Task+0x86>
     746:	85 30       	cpi	r24, 0x05	; 5
     748:	b1 f1       	breq	.+108    	; 0x7b6 <Fsm_Task+0x8a>
     74a:	3f c0       	rjmp	.+126    	; 0x7ca <Fsm_Task+0x9e>

    case STATE_MOVING:
        //MOVE 완료 처리
        if (!Stepper_IsBusy()) {
     74c:	0e 94 0b 0c 	call	0x1816	; 0x1816 <Stepper_IsBusy>
     750:	81 11       	cpse	r24, r1
     752:	3b c0       	rjmp	.+118    	; 0x7ca <Fsm_Task+0x9e>
            g_ctx.cur_x = g_ctx.pending_x;	//스텝모터가 목표 위치에 도착
     754:	e3 e3       	ldi	r30, 0x33	; 51
     756:	f3 e0       	ldi	r31, 0x03	; 3
     758:	87 81       	ldd	r24, Z+7	; 0x07
     75a:	81 83       	std	Z+1, r24	; 0x01
            g_ctx.cur_y = g_ctx.pending_y;
     75c:	80 85       	ldd	r24, Z+8	; 0x08
     75e:	82 83       	std	Z+2, r24	; 0x02

            Protocol_SendWait(g_ctx.active_req_id);	//해당 위치가 배출 준비 완료임을 알림
     760:	63 81       	ldd	r22, Z+3	; 0x03
     762:	74 81       	ldd	r23, Z+4	; 0x04
     764:	85 81       	ldd	r24, Z+5	; 0x05
     766:	96 81       	ldd	r25, Z+6	; 0x06
     768:	62 d4       	rcall	.+2244   	; 0x102e <Protocol_SendWait>
            Fsm_SetState(STATE_AWAITING_DISPENSE);
     76a:	82 e0       	ldi	r24, 0x02	; 2
     76c:	1d de       	rcall	.-966    	; 0x3a8 <Fsm_SetState>
        }
        break;

    case STATE_DISPENSING:
        //DISPENSE 완료 처리
        if (Dispense_IsComplete()) {
     76e:	2d c0       	rjmp	.+90     	; 0x7ca <Fsm_Task+0x9e>
     770:	1a dd       	rcall	.-1484   	; 0x1a6 <Dispense_IsComplete>
     772:	88 23       	and	r24, r24
            //배출 결과를 저장. RESULT ACK를 받을 때까지 재전송할 수 있도록 캐시
            g_ctx.cached_result       = Dispense_Result();
     774:	51 f1       	breq	.+84     	; 0x7ca <Fsm_Task+0x9e>
     776:	1e dd       	rcall	.-1476   	; 0x1b4 <Dispense_Result>
     778:	c3 e3       	ldi	r28, 0x33	; 51
     77a:	d3 e0       	ldi	r29, 0x03	; 3
     77c:	8f 8f       	std	Y+31, r24	; 0x1f
            g_ctx.result_req_id       = g_ctx.active_req_id;
     77e:	8b 81       	ldd	r24, Y+3	; 0x03
     780:	9c 81       	ldd	r25, Y+4	; 0x04
     782:	ad 81       	ldd	r26, Y+5	; 0x05
     784:	be 81       	ldd	r27, Y+6	; 0x06
     786:	88 a3       	std	Y+32, r24	; 0x20
     788:	99 a3       	std	Y+33, r25	; 0x21
     78a:	aa a3       	std	Y+34, r26	; 0x22
     78c:	bb a3       	std	Y+35, r27	; 0x23
            g_ctx.result_retx_count   = 0;
     78e:	1c a2       	std	Y+36, r1	; 0x24
            g_ctx.result_retx_tick_ms = Systick_Now();
     790:	0e 94 88 0d 	call	0x1b10	; 0x1b10 <Systick_Now>
     794:	6d a3       	std	Y+37, r22	; 0x25
     796:	7e a3       	std	Y+38, r23	; 0x26
     798:	8f a3       	std	Y+39, r24	; 0x27
     79a:	98 a7       	std	Y+40, r25	; 0x28

            Protocol_SendResult(g_ctx.result_req_id, g_ctx.cur_x, g_ctx.cur_y, g_ctx.cached_result);
     79c:	68 a1       	ldd	r22, Y+32	; 0x20
     79e:	79 a1       	ldd	r23, Y+33	; 0x21
     7a0:	8a a1       	ldd	r24, Y+34	; 0x22
     7a2:	9b a1       	ldd	r25, Y+35	; 0x23
     7a4:	0f 8d       	ldd	r16, Y+31	; 0x1f
     7a6:	2a 81       	ldd	r18, Y+2	; 0x02
     7a8:	49 81       	ldd	r20, Y+1	; 0x01
            Fsm_SetState(STATE_AWAITING_RESULT_ACK);	//첫 번째 RESULT를 전송
     7aa:	74 d4       	rcall	.+2280   	; 0x1094 <Protocol_SendResult>
     7ac:	84 e0       	ldi	r24, 0x04	; 4
     7ae:	fc dd       	rcall	.-1032   	; 0x3a8 <Fsm_SetState>
        }
        break;

    case STATE_AWAITING_RESULT_ACK:
        Fsm_ServiceResultRetx();
     7b0:	0c c0       	rjmp	.+24     	; 0x7ca <Fsm_Task+0x9e>
     7b2:	37 df       	rcall	.-402    	; 0x622 <Fsm_ServiceResultRetx>
        break;
     7b4:	0a c0       	rjmp	.+20     	; 0x7ca <Fsm_Task+0x9e>

    case STATE_RECOVERY_REQUIRED:
        //복구 완료 처리
        if (Homing_IsComplete()) {
     7b6:	6d d0       	rcall	.+218    	; 0x892 <Homing_IsComplete>
     7b8:	88 23       	and	r24, r24
     7ba:	39 f0       	breq	.+14     	; 0x7ca <Fsm_Task+0x9e>
            g_ctx.cur_x = 0;			//홈 복귀 완료 후 현재 좌표를 원점으로 설정
     7bc:	e3 e3       	ldi	r30, 0x33	; 51
     7be:	f3 e0       	ldi	r31, 0x03	; 3
     7c0:	11 82       	std	Z+1, r1	; 0x01
            g_ctx.cur_y = 0;
     7c2:	12 82       	std	Z+2, r1	; 0x02
            g_ctx.boot_suppress_error = false;
     7c4:	11 a6       	std	Z+41, r1	; 0x29
            Fsm_SetState(STATE_IDLE);
     7c6:	80 e0       	ldi	r24, 0x00	; 0
     7c8:	ef dd       	rcall	.-1058   	; 0x3a8 <Fsm_SetState>
     7ca:	df 91       	pop	r29
        break;

    default:
        break;
    }
}
     7cc:	cf 91       	pop	r28
     7ce:	0f 91       	pop	r16
     7d0:	08 95       	ret

000007d2 <Homing_MarkAxisDone>:
     7d2:	cf 93       	push	r28
}

HomingStatus Homing_Status(void)
{
    return s_ctx.status;
}
     7d4:	c8 2f       	mov	r28, r24
     7d6:	60 e0       	ldi	r22, 0x00	; 0
     7d8:	70 e0       	ldi	r23, 0x00	; 0
     7da:	0e 94 2c 0d 	call	0x1a58	; 0x1a58 <Stepper_ZeroAt>
     7de:	8c 2f       	mov	r24, r28
     7e0:	0e 94 42 0d 	call	0x1a84	; 0x1a84 <Stepper_Release>
     7e4:	c1 11       	cpse	r28, r1
     7e6:	04 c0       	rjmp	.+8      	; 0x7f0 <Homing_MarkAxisDone+0x1e>
     7e8:	81 e0       	ldi	r24, 0x01	; 1
     7ea:	80 93 00 02 	sts	0x0200, r24	; 0x800200 <s_ctx+0x1>
     7ee:	03 c0       	rjmp	.+6      	; 0x7f6 <Homing_MarkAxisDone+0x24>
     7f0:	81 e0       	ldi	r24, 0x01	; 1
     7f2:	80 93 01 02 	sts	0x0201, r24	; 0x800201 <s_ctx+0x2>
     7f6:	cf 91       	pop	r28
     7f8:	08 95       	ret

000007fa <Homing_AxisAtHome>:
     7fa:	cf 93       	push	r28
     7fc:	c8 2f       	mov	r28, r24
     7fe:	e4 d5       	rcall	.+3016   	; 0x13c8 <Sensors_HomeLatched>
     800:	81 11       	cpse	r24, r1
     802:	05 c0       	rjmp	.+10     	; 0x80e <Homing_AxisAtHome+0x14>
     804:	8c 2f       	mov	r24, r28
     806:	56 d5       	rcall	.+2732   	; 0x12b4 <Sensors_HomeLevel>
     808:	81 11       	cpse	r24, r1
     80a:	03 c0       	rjmp	.+6      	; 0x812 <Homing_AxisAtHome+0x18>
     80c:	03 c0       	rjmp	.+6      	; 0x814 <Homing_AxisAtHome+0x1a>
     80e:	81 e0       	ldi	r24, 0x01	; 1
     810:	01 c0       	rjmp	.+2      	; 0x814 <Homing_AxisAtHome+0x1a>
     812:	81 e0       	ldi	r24, 0x01	; 1
     814:	cf 91       	pop	r28
     816:	08 95       	ret

00000818 <Homing_EnterManualWait>:
     818:	ef ef       	ldi	r30, 0xFF	; 255
     81a:	f1 e0       	ldi	r31, 0x01	; 1
     81c:	82 e0       	ldi	r24, 0x02	; 2
     81e:	80 83       	st	Z, r24
     820:	11 82       	std	Z+1, r1	; 0x01
     822:	12 82       	std	Z+2, r1	; 0x02
     824:	0e 94 18 0c 	call	0x1830	; 0x1830 <Stepper_ReleaseAll>
     828:	80 e0       	ldi	r24, 0x00	; 0
     82a:	e1 d5       	rcall	.+3010   	; 0x13ee <Sensors_HomeClear>
     82c:	81 e0       	ldi	r24, 0x01	; 1
     82e:	df c5       	rjmp	.+3006   	; 0x13ee <Sensors_HomeClear>
     830:	08 95       	ret

00000832 <Homing_Start>:
     832:	cf 93       	push	r28
     834:	df 93       	push	r29
     836:	cf ef       	ldi	r28, 0xFF	; 255
     838:	d1 e0       	ldi	r29, 0x01	; 1
     83a:	81 e0       	ldi	r24, 0x01	; 1
     83c:	88 83       	st	Y, r24
     83e:	19 82       	std	Y+1, r1	; 0x01
     840:	1a 82       	std	Y+2, r1	; 0x02
     842:	1c 82       	std	Y+4, r1	; 0x04
     844:	1b 82       	std	Y+3, r1	; 0x03
     846:	1e 82       	std	Y+6, r1	; 0x06
     848:	1d 82       	std	Y+5, r1	; 0x05
     84a:	0e 94 88 0d 	call	0x1b10	; 0x1b10 <Systick_Now>
     84e:	6f 83       	std	Y+7, r22	; 0x07
     850:	78 87       	std	Y+8, r23	; 0x08
     852:	89 87       	std	Y+9, r24	; 0x09
     854:	9a 87       	std	Y+10, r25	; 0x0a
     856:	80 e0       	ldi	r24, 0x00	; 0
     858:	ca d5       	rcall	.+2964   	; 0x13ee <Sensors_HomeClear>
     85a:	81 e0       	ldi	r24, 0x01	; 1
     85c:	c8 d5       	rcall	.+2960   	; 0x13ee <Sensors_HomeClear>
     85e:	80 e0       	ldi	r24, 0x00	; 0
     860:	29 d5       	rcall	.+2642   	; 0x12b4 <Sensors_HomeLevel>
     862:	88 23       	and	r24, r24
     864:	11 f0       	breq	.+4      	; 0x86a <Homing_Start+0x38>
     866:	80 e0       	ldi	r24, 0x00	; 0
     868:	b4 df       	rcall	.-152    	; 0x7d2 <Homing_MarkAxisDone>
     86a:	81 e0       	ldi	r24, 0x01	; 1
     86c:	23 d5       	rcall	.+2630   	; 0x12b4 <Sensors_HomeLevel>
     86e:	88 23       	and	r24, r24
     870:	11 f0       	breq	.+4      	; 0x876 <Homing_Start+0x44>
     872:	81 e0       	ldi	r24, 0x01	; 1
     874:	ae df       	rcall	.-164    	; 0x7d2 <Homing_MarkAxisDone>
     876:	80 91 00 02 	lds	r24, 0x0200	; 0x800200 <s_ctx+0x1>
     87a:	88 23       	and	r24, r24
     87c:	39 f0       	breq	.+14     	; 0x88c <Homing_Start+0x5a>
     87e:	80 91 01 02 	lds	r24, 0x0201	; 0x800201 <s_ctx+0x2>
     882:	88 23       	and	r24, r24
     884:	19 f0       	breq	.+6      	; 0x88c <Homing_Start+0x5a>
     886:	83 e0       	ldi	r24, 0x03	; 3
     888:	80 93 ff 01 	sts	0x01FF, r24	; 0x8001ff <s_ctx>
     88c:	df 91       	pop	r29
     88e:	cf 91       	pop	r28
     890:	08 95       	ret

00000892 <Homing_IsComplete>:
     892:	90 91 ff 01 	lds	r25, 0x01FF	; 0x8001ff <s_ctx>
     896:	81 e0       	ldi	r24, 0x01	; 1
     898:	93 30       	cpi	r25, 0x03	; 3
     89a:	09 f0       	breq	.+2      	; 0x89e <Homing_IsComplete+0xc>
     89c:	80 e0       	ldi	r24, 0x00	; 0
     89e:	08 95       	ret

000008a0 <Homing_Task>:

void Homing_Task(void)
{
     8a0:	cf 92       	push	r12
     8a2:	df 92       	push	r13
     8a4:	ef 92       	push	r14
     8a6:	ff 92       	push	r15
    uint32_t now;

    if (s_ctx.status == HOMING_DONE) {
     8a8:	80 91 ff 01 	lds	r24, 0x01FF	; 0x8001ff <s_ctx>
     8ac:	83 30       	cpi	r24, 0x03	; 3
     8ae:	09 f4       	brne	.+2      	; 0x8b2 <Homing_Task+0x12>
     8b0:	63 c0       	rjmp	.+198    	; 0x978 <Homing_Task+0xd8>
        return;
    }

    /* 상태(SEARCHING/MANUAL_WAIT) 무관하게 매 tick 두 축 감지부터 확인한다.
     * MANUAL_WAIT 중에는 이게 유일한 탈출 경로다. */
    if (!s_ctx.x_done && Homing_AxisAtHome(AXIS_X)) {
     8b2:	80 91 00 02 	lds	r24, 0x0200	; 0x800200 <s_ctx+0x1>
     8b6:	81 11       	cpse	r24, r1
     8b8:	05 c0       	rjmp	.+10     	; 0x8c4 <Homing_Task+0x24>
     8ba:	9f df       	rcall	.-194    	; 0x7fa <Homing_AxisAtHome>
     8bc:	88 23       	and	r24, r24
     8be:	11 f0       	breq	.+4      	; 0x8c4 <Homing_Task+0x24>
        Homing_MarkAxisDone(AXIS_X);
     8c0:	80 e0       	ldi	r24, 0x00	; 0
     8c2:	87 df       	rcall	.-242    	; 0x7d2 <Homing_MarkAxisDone>
    }
    if (!s_ctx.y_done && Homing_AxisAtHome(AXIS_Y)) {
     8c4:	80 91 01 02 	lds	r24, 0x0201	; 0x800201 <s_ctx+0x2>
     8c8:	81 11       	cpse	r24, r1
     8ca:	06 c0       	rjmp	.+12     	; 0x8d8 <Homing_Task+0x38>
     8cc:	81 e0       	ldi	r24, 0x01	; 1
     8ce:	95 df       	rcall	.-214    	; 0x7fa <Homing_AxisAtHome>
     8d0:	88 23       	and	r24, r24
        Homing_MarkAxisDone(AXIS_Y);
     8d2:	11 f0       	breq	.+4      	; 0x8d8 <Homing_Task+0x38>
     8d4:	81 e0       	ldi	r24, 0x01	; 1
     8d6:	7d df       	rcall	.-262    	; 0x7d2 <Homing_MarkAxisDone>
    }

    if (s_ctx.x_done && s_ctx.y_done) {
     8d8:	80 91 00 02 	lds	r24, 0x0200	; 0x800200 <s_ctx+0x1>
     8dc:	88 23       	and	r24, r24
     8de:	41 f0       	breq	.+16     	; 0x8f0 <Homing_Task+0x50>
     8e0:	80 91 01 02 	lds	r24, 0x0201	; 0x800201 <s_ctx+0x2>
     8e4:	88 23       	and	r24, r24
     8e6:	21 f0       	breq	.+8      	; 0x8f0 <Homing_Task+0x50>
        s_ctx.status = HOMING_DONE;
     8e8:	83 e0       	ldi	r24, 0x03	; 3
     8ea:	80 93 ff 01 	sts	0x01FF, r24	; 0x8001ff <s_ctx>
        return;
     8ee:	44 c0       	rjmp	.+136    	; 0x978 <Homing_Task+0xd8>
    }

    if (s_ctx.status != HOMING_SEARCHING) {
     8f0:	80 91 ff 01 	lds	r24, 0x01FF	; 0x8001ff <s_ctx>
     8f4:	81 30       	cpi	r24, 0x01	; 1
     8f6:	09 f0       	breq	.+2      	; 0x8fa <Homing_Task+0x5a>
     8f8:	3f c0       	rjmp	.+126    	; 0x978 <Homing_Task+0xd8>
        return;   /* HOMING_MANUAL_WAIT: 스텝 구동 없이 감지만 대기 */
    }

    now = Systick_Now();
     8fa:	0e 94 88 0d 	call	0x1b10	; 0x1b10 <Systick_Now>
     8fe:	6b 01       	movw	r12, r22
     900:	7c 01       	movw	r14, r24
    if (!Systick_Elapsed(s_ctx.last_tick_ms, HOMING_STEP_INTERVAL_MS)) {
     902:	60 91 06 02 	lds	r22, 0x0206	; 0x800206 <s_ctx+0x7>
     906:	70 91 07 02 	lds	r23, 0x0207	; 0x800207 <s_ctx+0x8>
     90a:	80 91 08 02 	lds	r24, 0x0208	; 0x800208 <s_ctx+0x9>
     90e:	90 91 09 02 	lds	r25, 0x0209	; 0x800209 <s_ctx+0xa>
     912:	25 e0       	ldi	r18, 0x05	; 5
     914:	30 e0       	ldi	r19, 0x00	; 0
     916:	40 e0       	ldi	r20, 0x00	; 0
     918:	50 e0       	ldi	r21, 0x00	; 0
     91a:	0e 94 94 0d 	call	0x1b28	; 0x1b28 <Systick_Elapsed>
     91e:	88 23       	and	r24, r24
     920:	59 f1       	breq	.+86     	; 0x978 <Homing_Task+0xd8>
        return;
    }
    s_ctx.last_tick_ms = now;
     922:	ef ef       	ldi	r30, 0xFF	; 255
     924:	f1 e0       	ldi	r31, 0x01	; 1
     926:	c7 82       	std	Z+7, r12	; 0x07
     928:	d0 86       	std	Z+8, r13	; 0x08
     92a:	e1 86       	std	Z+9, r14	; 0x09
     92c:	f2 86       	std	Z+10, r15	; 0x0a

    /* 상위설계 §7: 미완료 축을 동시에 홈 방향으로 한 스텝씩. */
    if (!s_ctx.x_done) {
     92e:	81 81       	ldd	r24, Z+1	; 0x01
     930:	81 11       	cpse	r24, r1
     932:	0f c0       	rjmp	.+30     	; 0x952 <Homing_Task+0xb2>
        Stepper_StepRaw(AXIS_X, HOME_DIR_X);
     934:	6f ef       	ldi	r22, 0xFF	; 255
     936:	0e 94 11 0d 	call	0x1a22	; 0x1a22 <Stepper_StepRaw>
        if (++s_ctx.x_step_count >= HOMING_MAX_STEPS_X) {
     93a:	ef ef       	ldi	r30, 0xFF	; 255
     93c:	f1 e0       	ldi	r31, 0x01	; 1
     93e:	83 81       	ldd	r24, Z+3	; 0x03
     940:	94 81       	ldd	r25, Z+4	; 0x04
     942:	01 96       	adiw	r24, 0x01	; 1
     944:	94 83       	std	Z+4, r25	; 0x04
     946:	83 83       	std	Z+3, r24	; 0x03
     948:	88 30       	cpi	r24, 0x08	; 8
     94a:	97 40       	sbci	r25, 0x07	; 7
            Homing_EnterManualWait();
     94c:	10 f0       	brcs	.+4      	; 0x952 <Homing_Task+0xb2>
     94e:	64 df       	rcall	.-312    	; 0x818 <Homing_EnterManualWait>
            return;
     950:	13 c0       	rjmp	.+38     	; 0x978 <Homing_Task+0xd8>
        }
    }
    if (!s_ctx.y_done) {
     952:	80 91 01 02 	lds	r24, 0x0201	; 0x800201 <s_ctx+0x2>
     956:	81 11       	cpse	r24, r1
     958:	0f c0       	rjmp	.+30     	; 0x978 <Homing_Task+0xd8>
        Stepper_StepRaw(AXIS_Y, HOME_DIR_Y);
     95a:	6f ef       	ldi	r22, 0xFF	; 255
     95c:	81 e0       	ldi	r24, 0x01	; 1
     95e:	0e 94 11 0d 	call	0x1a22	; 0x1a22 <Stepper_StepRaw>
        if (++s_ctx.y_step_count >= HOMING_MAX_STEPS_Y) {
     962:	ef ef       	ldi	r30, 0xFF	; 255
     964:	f1 e0       	ldi	r31, 0x01	; 1
     966:	85 81       	ldd	r24, Z+5	; 0x05
     968:	96 81       	ldd	r25, Z+6	; 0x06
     96a:	01 96       	adiw	r24, 0x01	; 1
     96c:	96 83       	std	Z+6, r25	; 0x06
     96e:	85 83       	std	Z+5, r24	; 0x05
     970:	80 37       	cpi	r24, 0x70	; 112
     972:	97 41       	sbci	r25, 0x17	; 23
            Homing_EnterManualWait();
     974:	08 f0       	brcs	.+2      	; 0x978 <Homing_Task+0xd8>
     976:	50 df       	rcall	.-352    	; 0x818 <Homing_EnterManualWait>
            return;
        }
    }
}
     978:	ff 90       	pop	r15
     97a:	ef 90       	pop	r14
     97c:	df 90       	pop	r13
     97e:	cf 90       	pop	r12
     980:	08 95       	ret

00000982 <Sys_Init>:
 *  스테퍼보다 먼저 두어 EICRA/EICRB 설정이 다른 초기화에 묻히지 않게 한다.
 * ========================================================================== */

static void Sys_Init(void)
{
    Systick_Init();
     982:	0e 94 7f 0d 	call	0x1afe	; 0x1afe <Systick_Init>
    Uart_Init();
     986:	0e 94 c6 0d 	call	0x1b8c	; 0x1b8c <Uart_Init>

    Sensors_Init();
     98a:	a7 d4       	rcall	.+2382   	; 0x12da <Sensors_Init>
    Stepper_Init();
     98c:	ad d6       	rcall	.+3418   	; 0x16e8 <Stepper_Init>
    Servo_Init();
     98e:	91 d5       	rcall	.+2850   	; 0x14b2 <Servo_Init>
     990:	00 dd       	rcall	.-1536   	; 0x392 <Fsm_Init>

    Fsm_Init();
     992:	78 94       	sei
     994:	81 e0       	ldi	r24, 0x01	; 1

    sei();   /* 이후부터 ISR(USART0_RX / TIMER0_COMP / INT0·1) 이 실제로 돈다 */
     996:	80 93 5c 03 	sts	0x035C, r24	; 0x80035c <g_ctx+0x29>
     * Fsm_Task() 가 홈 탐색 완료 시 이 플래그를 false 로 내린다. */
    g_ctx.boot_suppress_error = true;

    /* 상위설계 §2.1: 전원 인가 시 무조건 RECOVERY_REQUIRED 진입 후 홈 탐색.
     * 완료 판정/IDLE 전이는 Fsm_Task() 가 Homing_IsComplete() 로 스스로 한다. */
    Fsm_SetState(STATE_RECOVERY_REQUIRED);
     99a:	85 e0       	ldi	r24, 0x05	; 5
     99c:	05 dd       	rcall	.-1526   	; 0x3a8 <Fsm_SetState>
     99e:	49 cf       	rjmp	.-366    	; 0x832 <Homing_Start>
    Homing_Start();
     9a0:	08 95       	ret

000009a2 <Task_UartRx>:
     9a2:	cf 93       	push	r28
     9a4:	df 93       	push	r29
 *  Protocol_Parse() 실패 시에도 Fsm_HandleFrame(&f) 를 호출한다 — f.valid 가
 *  false 이므로 FSM 이 ERROR|INVALID_FORMAT 로 응답한다(부팅 억제 중이면 무시).
 * ========================================================================== */

static void Task_UartRx(void)
{
     9a6:	cd b7       	in	r28, 0x3d	; 61
     9a8:	de b7       	in	r29, 0x3e	; 62
     9aa:	c9 55       	subi	r28, 0x59	; 89
     9ac:	d1 09       	sbc	r29, r1
     9ae:	0f b6       	in	r0, 0x3f	; 63
     9b0:	f8 94       	cli
     9b2:	de bf       	out	0x3e, r29	; 62
     9b4:	0f be       	out	0x3f, r0	; 63
     9b6:	cd bf       	out	0x3d, r28	; 61
    char  line[FRAME_MAX_LEN + 1U];
    Frame f;

    if (!Uart_ReadLine(line, (uint8_t)sizeof line)) {
     9b8:	61 e4       	ldi	r22, 0x41	; 65
     9ba:	ce 01       	movw	r24, r28
     9bc:	01 96       	adiw	r24, 0x01	; 1
     9be:	0e 94 2f 0e 	call	0x1c5e	; 0x1c5e <Uart_ReadLine>
     9c2:	88 23       	and	r24, r24
     9c4:	51 f0       	breq	.+20     	; 0x9da <Task_UartRx+0x38>
        return;   /* 완성된 라인 없음 */
    }

    (void)Protocol_Parse(line, &f);
     9c6:	be 01       	movw	r22, r28
     9c8:	6e 5b       	subi	r22, 0xBE	; 190
     9ca:	7f 4f       	sbci	r23, 0xFF	; 255
     9cc:	ce 01       	movw	r24, r28
     9ce:	01 96       	adiw	r24, 0x01	; 1
     9d0:	d7 d0       	rcall	.+430    	; 0xb80 <Protocol_Parse>
    Fsm_HandleFrame(&f);
     9d2:	ce 01       	movw	r24, r28
     9d4:	8e 5b       	subi	r24, 0xBE	; 190
     9d6:	9f 4f       	sbci	r25, 0xFF	; 255
     9d8:	54 de       	rcall	.-856    	; 0x682 <Fsm_HandleFrame>
}
     9da:	c7 5a       	subi	r28, 0xA7	; 167
     9dc:	df 4f       	sbci	r29, 0xFF	; 255
     9de:	0f b6       	in	r0, 0x3f	; 63
     9e0:	f8 94       	cli
     9e2:	de bf       	out	0x3e, r29	; 62
     9e4:	0f be       	out	0x3f, r0	; 63
     9e6:	cd bf       	out	0x3d, r28	; 61
     9e8:	df 91       	pop	r29
     9ea:	cf 91       	pop	r28
     9ec:	08 95       	ret

000009ee <Task_Actuator>:
 *  시퀀스 컨트롤러(Homing/Dispense)는 해당 상태에서만 호출한다.
 * ========================================================================== */

static void Task_Actuator(void)
{
    Sensors_Task();
     9ee:	c2 d4       	rcall	.+2436   	; 0x1374 <Sensors_Task>
    Stepper_Task();
     9f0:	9d d6       	rcall	.+3386   	; 0x172c <Stepper_Task>
    Servo_Task();
     9f2:	ab d5       	rcall	.+2902   	; 0x154a <Servo_Task>
     9f4:	d6 dc       	rcall	.-1620   	; 0x3a2 <Fsm_State>

    switch (Fsm_State()) {
     9f6:	83 30       	cpi	r24, 0x03	; 3
     9f8:	21 f0       	breq	.+8      	; 0xa02 <Task_Actuator+0x14>
     9fa:	85 30       	cpi	r24, 0x05	; 5
     9fc:	19 f4       	brne	.+6      	; 0xa04 <Task_Actuator+0x16>
    case STATE_RECOVERY_REQUIRED:
        Homing_Task();
     9fe:	50 cf       	rjmp	.-352    	; 0x8a0 <Homing_Task>
     a00:	08 95       	ret
        break;
     a02:	db cb       	rjmp	.-2122   	; 0x1ba <Dispense_Task>
    case STATE_DISPENSING:
        Dispense_Task();
     a04:	08 95       	ret

00000a06 <main>:
     a06:	bd df       	rcall	.-134    	; 0x982 <Sys_Init>
     a08:	cc df       	rcall	.-104    	; 0x9a2 <Task_UartRx>
{
    Sys_Init();

    for (;;) {
        Task_UartRx();      /* 라인 추출 -> 파싱 -> Fsm_HandleFrame (README_2 §4.10) */
        Task_Actuator();    /* 물리 동작 tick (상태 종속) */
     a0a:	f1 df       	rcall	.-30     	; 0x9ee <Task_Actuator>
     a0c:	8f de       	rcall	.-738    	; 0x72c <Fsm_Task>
        Fsm_Task();         /* 상태 전이 판정 + RESULT 재전송 타이머 */
     a0e:	fc cf       	rjmp	.-8      	; 0xa08 <main+0x2>

00000a10 <IsUpperAsciiOrDigitOrDelim>:
     a10:	9f eb       	ldi	r25, 0xBF	; 191
     a12:	98 0f       	add	r25, r24
#define FRAME_MAX_CONTENT_LEN (FRAME_MAX_LEN - 1U)

// 대문자/숫자/구분자(|)만 허용
static bool IsUpperAsciiOrDigitOrDelim(char c)
{
    if (c >= 'A' && c <= 'Z') return true;		//대문자
     a14:	9a 31       	cpi	r25, 0x1A	; 26
     a16:	40 f0       	brcs	.+16     	; 0xa28 <IsUpperAsciiOrDigitOrDelim+0x18>
    if (c >= '0' && c <= '9') return true;		//숫자
     a18:	90 ed       	ldi	r25, 0xD0	; 208
     a1a:	98 0f       	add	r25, r24
     a1c:	9a 30       	cpi	r25, 0x0A	; 10
     a1e:	30 f0       	brcs	.+12     	; 0xa2c <IsUpperAsciiOrDigitOrDelim+0x1c>
    if (c == FRAME_DELIM) return true;			//구분자 |
     a20:	8c 37       	cpi	r24, 0x7C	; 124
     a22:	31 f4       	brne	.+12     	; 0xa30 <IsUpperAsciiOrDigitOrDelim+0x20>
     a24:	81 e0       	ldi	r24, 0x01	; 1
     a26:	08 95       	ret
#define FRAME_MAX_CONTENT_LEN (FRAME_MAX_LEN - 1U)

// 대문자/숫자/구분자(|)만 허용
static bool IsUpperAsciiOrDigitOrDelim(char c)
{
    if (c >= 'A' && c <= 'Z') return true;		//대문자
     a28:	81 e0       	ldi	r24, 0x01	; 1
     a2a:	08 95       	ret
    if (c >= '0' && c <= '9') return true;		//숫자
     a2c:	81 e0       	ldi	r24, 0x01	; 1
     a2e:	08 95       	ret
    if (c == FRAME_DELIM) return true;			//구분자 |
    return false;
     a30:	80 e0       	ldi	r24, 0x00	; 0
}
     a32:	08 95       	ret

00000a34 <SplitFields>:

// 구분자(|)를 기준으로 문자열을 최대 max_fields개 필드로 분리 (반환값: 분리된 필드 개수)
static uint8_t SplitFields(char *work, char *fields[], uint8_t max_fields)
{
     a34:	fc 01       	movw	r30, r24
    uint8_t count = 0;
    char *p = work;

    fields[count++] = p; //첫 필드 시작 위치
     a36:	db 01       	movw	r26, r22
     a38:	8d 93       	st	X+, r24
     a3a:	9c 93       	st	X, r25
     a3c:	81 e0       	ldi	r24, 0x01	; 1
    while (*p != '\0') {
     a3e:	10 c0       	rjmp	.+32     	; 0xa60 <SplitFields+0x2c>
        if (*p == FRAME_DELIM) {
     a40:	9c 37       	cpi	r25, 0x7C	; 124
     a42:	69 f4       	brne	.+26     	; 0xa5e <SplitFields+0x2a>
            *p = '\0'; //|를 \0로 바꿔 필드 분리
     a44:	11 92       	st	Z+, r1
            p++;
            if (count >= max_fields) return 0; //허용 필드 수 초과 시 실패
     a46:	84 17       	cp	r24, r20
     a48:	78 f4       	brcc	.+30     	; 0xa68 <SplitFields+0x34>
            fields[count++] = p; //다음 필드의 시작 주소 저장
     a4a:	a8 2f       	mov	r26, r24
     a4c:	b0 e0       	ldi	r27, 0x00	; 0
     a4e:	aa 0f       	add	r26, r26
     a50:	bb 1f       	adc	r27, r27
     a52:	a6 0f       	add	r26, r22
     a54:	b7 1f       	adc	r27, r23
     a56:	ed 93       	st	X+, r30
     a58:	fc 93       	st	X, r31
     a5a:	8f 5f       	subi	r24, 0xFF	; 255
     a5c:	01 c0       	rjmp	.+2      	; 0xa60 <SplitFields+0x2c>
        } else {
            p++;
     a5e:	31 96       	adiw	r30, 0x01	; 1
{
    uint8_t count = 0;
    char *p = work;

    fields[count++] = p; //첫 필드 시작 위치
    while (*p != '\0') {
     a60:	90 81       	ld	r25, Z
     a62:	91 11       	cpse	r25, r1
     a64:	ed cf       	rjmp	.-38     	; 0xa40 <SplitFields+0xc>
     a66:	08 95       	ret
        if (*p == FRAME_DELIM) {
            *p = '\0'; //|를 \0로 바꿔 필드 분리
            p++;
            if (count >= max_fields) return 0; //허용 필드 수 초과 시 실패
     a68:	80 e0       	ldi	r24, 0x00	; 0
        } else {
            p++;
        }
    }
    return count; //분리된 필드 개수를 반환
}
     a6a:	08 95       	ret

00000a6c <ParseDecimal>:
    return i;
}

// 지정 길이(len)의 십진수 문자열을 uint32_t로 변환: "123" -> 123
static bool ParseDecimal(const char *s, uint8_t len, uint32_t *out)
{
     a6c:	8f 92       	push	r8
     a6e:	9f 92       	push	r9
     a70:	af 92       	push	r10
     a72:	bf 92       	push	r11
     a74:	cf 92       	push	r12
     a76:	df 92       	push	r13
     a78:	ef 92       	push	r14
     a7a:	ff 92       	push	r15
     a7c:	0f 93       	push	r16
     a7e:	1f 93       	push	r17
    uint32_t v = 0;
    uint8_t  i;

    if (len == 0) return false;
     a80:	66 23       	and	r22, r22
     a82:	b1 f1       	breq	.+108    	; 0xaf0 <ParseDecimal+0x84>
     a84:	70 e0       	ldi	r23, 0x00	; 0
     a86:	00 e0       	ldi	r16, 0x00	; 0
     a88:	10 e0       	ldi	r17, 0x00	; 0
     a8a:	98 01       	movw	r18, r16
     a8c:	28 c0       	rjmp	.+80     	; 0xade <ParseDecimal+0x72>
    for (i = 0; i < len; i++) {
        char c = s[i];
     a8e:	fc 01       	movw	r30, r24
     a90:	e7 0f       	add	r30, r23
     a92:	f1 1d       	adc	r31, r1
     a94:	e0 81       	ld	r30, Z
        if (c < '0' || c > '9') return false; //숫자가 아니면 파싱 실패
     a96:	f0 ed       	ldi	r31, 0xD0	; 208
     a98:	fe 0f       	add	r31, r30
     a9a:	fa 30       	cpi	r31, 0x0A	; 10
     a9c:	58 f5       	brcc	.+86     	; 0xaf4 <ParseDecimal+0x88>
        v = (v * 10U) + (uint32_t)(c - '0'); //십진수 자리 누적
     a9e:	00 0f       	add	r16, r16
     aa0:	11 1f       	adc	r17, r17
     aa2:	22 1f       	adc	r18, r18
     aa4:	33 1f       	adc	r19, r19
     aa6:	48 01       	movw	r8, r16
     aa8:	59 01       	movw	r10, r18
     aaa:	88 0c       	add	r8, r8
     aac:	99 1c       	adc	r9, r9
     aae:	aa 1c       	adc	r10, r10
     ab0:	bb 1c       	adc	r11, r11
     ab2:	88 0c       	add	r8, r8
     ab4:	99 1c       	adc	r9, r9
     ab6:	aa 1c       	adc	r10, r10
     ab8:	bb 1c       	adc	r11, r11
     aba:	08 0d       	add	r16, r8
     abc:	19 1d       	adc	r17, r9
     abe:	2a 1d       	adc	r18, r10
     ac0:	3b 1d       	adc	r19, r11
     ac2:	ce 2e       	mov	r12, r30
     ac4:	d1 2c       	mov	r13, r1
     ac6:	e0 e3       	ldi	r30, 0x30	; 48
     ac8:	ce 1a       	sub	r12, r30
     aca:	d1 08       	sbc	r13, r1
     acc:	0d 2c       	mov	r0, r13
     ace:	00 0c       	add	r0, r0
     ad0:	ee 08       	sbc	r14, r14
     ad2:	ff 08       	sbc	r15, r15
     ad4:	0c 0d       	add	r16, r12
     ad6:	1d 1d       	adc	r17, r13
     ad8:	2e 1d       	adc	r18, r14
     ada:	3f 1d       	adc	r19, r15
{
    uint32_t v = 0;
    uint8_t  i;

    if (len == 0) return false;
    for (i = 0; i < len; i++) {
     adc:	7f 5f       	subi	r23, 0xFF	; 255
     ade:	76 17       	cp	r23, r22
     ae0:	b0 f2       	brcs	.-84     	; 0xa8e <ParseDecimal+0x22>
        char c = s[i];
        if (c < '0' || c > '9') return false; //숫자가 아니면 파싱 실패
        v = (v * 10U) + (uint32_t)(c - '0'); //십진수 자리 누적
    }
    *out = v;
     ae2:	fa 01       	movw	r30, r20
     ae4:	00 83       	st	Z, r16
     ae6:	11 83       	std	Z+1, r17	; 0x01
     ae8:	22 83       	std	Z+2, r18	; 0x02
     aea:	33 83       	std	Z+3, r19	; 0x03
    return true;
     aec:	81 e0       	ldi	r24, 0x01	; 1
     aee:	03 c0       	rjmp	.+6      	; 0xaf6 <ParseDecimal+0x8a>
static bool ParseDecimal(const char *s, uint8_t len, uint32_t *out)
{
    uint32_t v = 0;
    uint8_t  i;

    if (len == 0) return false;
     af0:	80 e0       	ldi	r24, 0x00	; 0
     af2:	01 c0       	rjmp	.+2      	; 0xaf6 <ParseDecimal+0x8a>
    for (i = 0; i < len; i++) {
        char c = s[i];
        if (c < '0' || c > '9') return false; //숫자가 아니면 파싱 실패
     af4:	80 e0       	ldi	r24, 0x00	; 0
        v = (v * 10U) + (uint32_t)(c - '0'); //십진수 자리 누적
    }
    *out = v;
    return true;
}
     af6:	1f 91       	pop	r17
     af8:	0f 91       	pop	r16
     afa:	ff 90       	pop	r15
     afc:	ef 90       	pop	r14
     afe:	df 90       	pop	r13
     b00:	cf 90       	pop	r12
     b02:	bf 90       	pop	r11
     b04:	af 90       	pop	r10
     b06:	9f 90       	pop	r9
     b08:	8f 90       	pop	r8
     b0a:	08 95       	ret

00000b0c <FrameInvalidate>:

//출력 구조체를 초기 상태(파싱 실패 취급)로 되돌림
static void FrameInvalidate(Frame *out)
{
     b0c:	fc 01       	movw	r30, r24
    memset(out, 0, sizeof(*out));
     b0e:	88 e1       	ldi	r24, 0x18	; 24
     b10:	df 01       	movw	r26, r30
     b12:	1d 92       	st	X+, r1
     b14:	8a 95       	dec	r24
     b16:	e9 f7       	brne	.-6      	; 0xb12 <FrameInvalidate+0x6>
    out->cmd   = CMD_UNKNOWN;
     b18:	85 e0       	ldi	r24, 0x05	; 5
     b1a:	80 83       	st	Z, r24
    out->valid = false;
     b1c:	17 8a       	std	Z+23, r1	; 0x17
     b1e:	08 95       	ret

00000b20 <Protocol_ParseHex32>:
}

// REQ_ID 파싱: "12AB34CD" -> 0x12AB34CD
// 반환값은 실제로 파싱에 성공한 hex 자릿수(정상이면 REQ_ID_HEX_LEN)
uint8_t Protocol_ParseHex32(const char *s, uint32_t *out)
{
     b20:	fb 01       	movw	r30, r22
    uint32_t v = 0;
    uint8_t  i;

    for (i = 0; i < REQ_ID_HEX_LEN; i++) {
     b22:	20 e0       	ldi	r18, 0x00	; 0

// REQ_ID 파싱: "12AB34CD" -> 0x12AB34CD
// 반환값은 실제로 파싱에 성공한 hex 자릿수(정상이면 REQ_ID_HEX_LEN)
uint8_t Protocol_ParseHex32(const char *s, uint32_t *out)
{
    uint32_t v = 0;
     b24:	40 e0       	ldi	r20, 0x00	; 0
     b26:	50 e0       	ldi	r21, 0x00	; 0
     b28:	ba 01       	movw	r22, r20
    uint8_t  i;

    for (i = 0; i < REQ_ID_HEX_LEN; i++) {
     b2a:	20 c0       	rjmp	.+64     	; 0xb6c <Protocol_ParseHex32+0x4c>
        char c = s[i];
     b2c:	dc 01       	movw	r26, r24
     b2e:	a2 0f       	add	r26, r18
     b30:	b1 1d       	adc	r27, r1
     b32:	ac 91       	ld	r26, X
        uint8_t nibble;

        if (c >= '0' && c <= '9') {
     b34:	30 ed       	ldi	r19, 0xD0	; 208
     b36:	3a 0f       	add	r19, r26
     b38:	3a 30       	cpi	r19, 0x0A	; 10
     b3a:	30 f0       	brcs	.+12     	; 0xb48 <Protocol_ParseHex32+0x28>
            nibble = (uint8_t)(c - '0'); //'0'~'9'를 16진수로 변환
        } else if (c >= 'A' && c <= 'F') {
     b3c:	3f eb       	ldi	r19, 0xBF	; 191
     b3e:	3a 0f       	add	r19, r26
     b40:	36 30       	cpi	r19, 0x06	; 6
     b42:	b0 f4       	brcc	.+44     	; 0xb70 <Protocol_ParseHex32+0x50>
            nibble = (uint8_t)(c - 'A' + 10); //대문자 'A'~'F'를 16진수로 변환
     b44:	39 ec       	ldi	r19, 0xC9	; 201
     b46:	3a 0f       	add	r19, r26
        } else {
            break; //허용되지 않은 문자 -> 중단
        }
        v = (v << 4) | nibble; //HEX 숫자를 한 자리씩 누적
     b48:	44 0f       	add	r20, r20
     b4a:	55 1f       	adc	r21, r21
     b4c:	66 1f       	adc	r22, r22
     b4e:	77 1f       	adc	r23, r23
     b50:	44 0f       	add	r20, r20
     b52:	55 1f       	adc	r21, r21
     b54:	66 1f       	adc	r22, r22
     b56:	77 1f       	adc	r23, r23
     b58:	44 0f       	add	r20, r20
     b5a:	55 1f       	adc	r21, r21
     b5c:	66 1f       	adc	r22, r22
     b5e:	77 1f       	adc	r23, r23
     b60:	44 0f       	add	r20, r20
     b62:	55 1f       	adc	r21, r21
     b64:	66 1f       	adc	r22, r22
     b66:	77 1f       	adc	r23, r23
     b68:	43 2b       	or	r20, r19
uint8_t Protocol_ParseHex32(const char *s, uint32_t *out)
{
    uint32_t v = 0;
    uint8_t  i;

    for (i = 0; i < REQ_ID_HEX_LEN; i++) {
     b6a:	2f 5f       	subi	r18, 0xFF	; 255
     b6c:	28 30       	cpi	r18, 0x08	; 8
     b6e:	f0 f2       	brcs	.-68     	; 0xb2c <Protocol_ParseHex32+0xc>
        } else {
            break; //허용되지 않은 문자 -> 중단
        }
        v = (v << 4) | nibble; //HEX 숫자를 한 자리씩 누적
    }
    if (i == REQ_ID_HEX_LEN) {
     b70:	28 30       	cpi	r18, 0x08	; 8
     b72:	21 f4       	brne	.+8      	; 0xb7c <Protocol_ParseHex32+0x5c>
        *out = v;
     b74:	40 83       	st	Z, r20
     b76:	51 83       	std	Z+1, r21	; 0x01
     b78:	62 83       	std	Z+2, r22	; 0x02
     b7a:	73 83       	std	Z+3, r23	; 0x03
    }
    return i;
}
     b7c:	82 2f       	mov	r24, r18
     b7e:	08 95       	ret

00000b80 <Protocol_Parse>:
}


//line을 파싱해 Frame 구조체에 저장
bool Protocol_Parse(const char *line, Frame *out)
{
     b80:	af 92       	push	r10
     b82:	bf 92       	push	r11
     b84:	cf 92       	push	r12
     b86:	df 92       	push	r13
     b88:	ef 92       	push	r14
     b8a:	ff 92       	push	r15
     b8c:	0f 93       	push	r16
     b8e:	1f 93       	push	r17
     b90:	cf 93       	push	r28
     b92:	df 93       	push	r29
     b94:	cd b7       	in	r28, 0x3d	; 61
     b96:	de b7       	in	r29, 0x3e	; 62
     b98:	ca 55       	subi	r28, 0x5A	; 90
     b9a:	d1 09       	sbc	r29, r1
     b9c:	0f b6       	in	r0, 0x3f	; 63
     b9e:	f8 94       	cli
     ba0:	de bf       	out	0x3e, r29	; 62
     ba2:	0f be       	out	0x3f, r0	; 63
     ba4:	cd bf       	out	0x3d, r28	; 61
     ba6:	7c 01       	movw	r14, r24
     ba8:	5b 01       	movw	r10, r22
    char    *fields[FRAME_MAX_FIELDS];
    uint8_t  nfields;
    uint8_t  len;
    uint8_t  i;

    FrameInvalidate(out); //출력 구조체를 초기 상태로 초기화
     baa:	cb 01       	movw	r24, r22
     bac:	af df       	rcall	.-162    	; 0xb0c <FrameInvalidate>

    len = (uint8_t)strlen(line); //입력 문자열 길이 확인
     bae:	f7 01       	movw	r30, r14
     bb0:	01 90       	ld	r0, Z+
     bb2:	00 20       	and	r0, r0
     bb4:	e9 f7       	brne	.-6      	; 0xbb0 <Protocol_Parse+0x30>
     bb6:	31 97       	sbiw	r30, 0x01	; 1
     bb8:	6f 01       	movw	r12, r30
     bba:	ce 18       	sub	r12, r14
     bbc:	df 08       	sbc	r13, r15
     bbe:	0c 2d       	mov	r16, r12
    if (len == 0 || len > FRAME_MAX_CONTENT_LEN) return false; //비었거나 최대 길이 초과 시 실패
     bc0:	8f ef       	ldi	r24, 0xFF	; 255
     bc2:	8c 0d       	add	r24, r12
     bc4:	8f 33       	cpi	r24, 0x3F	; 63
     bc6:	08 f0       	brcs	.+2      	; 0xbca <Protocol_Parse+0x4a>
     bc8:	e6 c1       	rjmp	.+972    	; 0xf96 <Protocol_Parse+0x416>
     bca:	10 e0       	ldi	r17, 0x00	; 0
     bcc:	09 c0       	rjmp	.+18     	; 0xbe0 <Protocol_Parse+0x60>

    for (i = 0; i < len; i++) {
        if (!IsUpperAsciiOrDigitOrDelim(line[i])) return false; //허용되지 않은 문자 포함 시 실패
     bce:	f7 01       	movw	r30, r14
     bd0:	e1 0f       	add	r30, r17
     bd2:	f1 1d       	adc	r31, r1
     bd4:	80 81       	ld	r24, Z
     bd6:	1c df       	rcall	.-456    	; 0xa10 <IsUpperAsciiOrDigitOrDelim>
     bd8:	88 23       	and	r24, r24
     bda:	09 f4       	brne	.+2      	; 0xbde <Protocol_Parse+0x5e>
     bdc:	e1 c1       	rjmp	.+962    	; 0xfa0 <Protocol_Parse+0x420>
    FrameInvalidate(out); //출력 구조체를 초기 상태로 초기화

    len = (uint8_t)strlen(line); //입력 문자열 길이 확인
    if (len == 0 || len > FRAME_MAX_CONTENT_LEN) return false; //비었거나 최대 길이 초과 시 실패

    for (i = 0; i < len; i++) {
     bde:	1f 5f       	subi	r17, 0xFF	; 255
     be0:	10 17       	cp	r17, r16
     be2:	a8 f3       	brcs	.-22     	; 0xbce <Protocol_Parse+0x4e>
        if (!IsUpperAsciiOrDigitOrDelim(line[i])) return false; //허용되지 않은 문자 포함 시 실패
    }

    memcpy(work, line, (size_t)len + 1U); //문자열을 work로 복사
     be4:	a6 01       	movw	r20, r12
     be6:	55 27       	eor	r21, r21
     be8:	4f 5f       	subi	r20, 0xFF	; 255
     bea:	5f 4f       	sbci	r21, 0xFF	; 255
     bec:	b7 01       	movw	r22, r14
     bee:	ce 01       	movw	r24, r28
     bf0:	01 96       	adiw	r24, 0x01	; 1
     bf2:	0e 94 14 0f 	call	0x1e28	; 0x1e28 <memcpy>
    nfields = SplitFields(work, fields, FRAME_MAX_FIELDS); //구분자를 기준으로 분리
     bf6:	45 e0       	ldi	r20, 0x05	; 5
     bf8:	be 01       	movw	r22, r28
     bfa:	6f 5b       	subi	r22, 0xBF	; 191
     bfc:	7f 4f       	sbci	r23, 0xFF	; 255
     bfe:	ce 01       	movw	r24, r28
     c00:	01 96       	adiw	r24, 0x01	; 1
     c02:	18 df       	rcall	.-464    	; 0xa34 <SplitFields>
     c04:	18 2f       	mov	r17, r24
    if (nfields == 0) return false; //필드 과다/파싱 실패
     c06:	88 23       	and	r24, r24
     c08:	09 f4       	brne	.+2      	; 0xc0c <Protocol_Parse+0x8c>
     c0a:	c7 c1       	rjmp	.+910    	; 0xf9a <Protocol_Parse+0x41a>

    //*************MOVE|<REQ_ID>|<X>|<Y>|<ALLOW_TIME>***************
    if (strcmp(fields[0], TOK_MOVE) == 0) {
     c0c:	23 96       	adiw	r28, 0x03	; 3
     c0e:	ee ac       	ldd	r14, Y+62	; 0x3e
     c10:	ff ac       	ldd	r15, Y+63	; 0x3f
     c12:	23 97       	sbiw	r28, 0x03	; 3
     c14:	66 e0       	ldi	r22, 0x06	; 6
     c16:	71 e0       	ldi	r23, 0x01	; 1
     c18:	c7 01       	movw	r24, r14
     c1a:	0e 94 1d 0f 	call	0x1e3a	; 0x1e3a <strcmp>
     c1e:	89 2b       	or	r24, r25
     c20:	09 f0       	breq	.+2      	; 0xc24 <Protocol_Parse+0xa4>
     c22:	a4 c0       	rjmp	.+328    	; 0xd6c <Protocol_Parse+0x1ec>
        uint32_t req_id, xv, yv, tv;
        uint8_t  tlen;

        if (nfields != 5) return false; //필드 개수 확인
     c24:	15 30       	cpi	r17, 0x05	; 5
     c26:	09 f0       	breq	.+2      	; 0xc2a <Protocol_Parse+0xaa>
     c28:	93 c0       	rjmp	.+294    	; 0xd50 <Protocol_Parse+0x1d0>

        //<REQ_ID>
        if (Protocol_ParseHex32(fields[1], &req_id) != REQ_ID_HEX_LEN) return false;
     c2a:	be 01       	movw	r22, r28
     c2c:	69 5a       	subi	r22, 0xA9	; 169
     c2e:	7f 4f       	sbci	r23, 0xFF	; 255
     c30:	25 96       	adiw	r28, 0x05	; 5
     c32:	8e ad       	ldd	r24, Y+62	; 0x3e
     c34:	9f ad       	ldd	r25, Y+63	; 0x3f
     c36:	25 97       	sbiw	r28, 0x05	; 5
     c38:	73 df       	rcall	.-282    	; 0xb20 <Protocol_ParseHex32>
     c3a:	88 30       	cpi	r24, 0x08	; 8
     c3c:	09 f0       	breq	.+2      	; 0xc40 <Protocol_Parse+0xc0>
     c3e:	8a c0       	rjmp	.+276    	; 0xd54 <Protocol_Parse+0x1d4>
        if (fields[1][REQ_ID_HEX_LEN] != '\0') return false; //8자리보다 길면 실패
     c40:	25 96       	adiw	r28, 0x05	; 5
     c42:	ee ad       	ldd	r30, Y+62	; 0x3e
     c44:	ff ad       	ldd	r31, Y+63	; 0x3f
     c46:	25 97       	sbiw	r28, 0x05	; 5
     c48:	80 85       	ldd	r24, Z+8	; 0x08
     c4a:	81 11       	cpse	r24, r1
     c4c:	85 c0       	rjmp	.+266    	; 0xd58 <Protocol_Parse+0x1d8>
        if (req_id == REQ_ID_NONE) return false; //예약된 ID(0x00000000)는 사용 불가
     c4e:	6b 96       	adiw	r28, 0x1b	; 27
     c50:	8c ad       	ldd	r24, Y+60	; 0x3c
     c52:	9d ad       	ldd	r25, Y+61	; 0x3d
     c54:	ae ad       	ldd	r26, Y+62	; 0x3e
     c56:	bf ad       	ldd	r27, Y+63	; 0x3f
     c58:	6b 97       	sbiw	r28, 0x1b	; 27
     c5a:	89 2b       	or	r24, r25
     c5c:	8a 2b       	or	r24, r26
     c5e:	8b 2b       	or	r24, r27
     c60:	09 f4       	brne	.+2      	; 0xc64 <Protocol_Parse+0xe4>
     c62:	7c c0       	rjmp	.+248    	; 0xd5c <Protocol_Parse+0x1dc>

        if (!ParseDecimal(fields[2], (uint8_t)strlen(fields[2]), &xv)) return false;
     c64:	27 96       	adiw	r28, 0x07	; 7
     c66:	8e ad       	ldd	r24, Y+62	; 0x3e
     c68:	9f ad       	ldd	r25, Y+63	; 0x3f
     c6a:	27 97       	sbiw	r28, 0x07	; 7
     c6c:	fc 01       	movw	r30, r24
     c6e:	01 90       	ld	r0, Z+
     c70:	00 20       	and	r0, r0
     c72:	e9 f7       	brne	.-6      	; 0xc6e <Protocol_Parse+0xee>
     c74:	31 97       	sbiw	r30, 0x01	; 1
     c76:	bf 01       	movw	r22, r30
     c78:	68 1b       	sub	r22, r24
     c7a:	79 0b       	sbc	r23, r25
     c7c:	ae 01       	movw	r20, r28
     c7e:	4d 5a       	subi	r20, 0xAD	; 173
     c80:	5f 4f       	sbci	r21, 0xFF	; 255
     c82:	f4 de       	rcall	.-536    	; 0xa6c <ParseDecimal>
     c84:	88 23       	and	r24, r24
     c86:	09 f4       	brne	.+2      	; 0xc8a <Protocol_Parse+0x10a>
     c88:	8b c1       	rjmp	.+790    	; 0xfa0 <Protocol_Parse+0x420>
        if (!ParseDecimal(fields[3], (uint8_t)strlen(fields[3]), &yv)) return false;
     c8a:	29 96       	adiw	r28, 0x09	; 9
     c8c:	8e ad       	ldd	r24, Y+62	; 0x3e
     c8e:	9f ad       	ldd	r25, Y+63	; 0x3f
     c90:	29 97       	sbiw	r28, 0x09	; 9
     c92:	fc 01       	movw	r30, r24
     c94:	01 90       	ld	r0, Z+
     c96:	00 20       	and	r0, r0
     c98:	e9 f7       	brne	.-6      	; 0xc94 <Protocol_Parse+0x114>
     c9a:	31 97       	sbiw	r30, 0x01	; 1
     c9c:	bf 01       	movw	r22, r30
     c9e:	68 1b       	sub	r22, r24
     ca0:	79 0b       	sbc	r23, r25
     ca2:	ae 01       	movw	r20, r28
     ca4:	41 5b       	subi	r20, 0xB1	; 177
     ca6:	5f 4f       	sbci	r21, 0xFF	; 255
     ca8:	e1 de       	rcall	.-574    	; 0xa6c <ParseDecimal>
     caa:	88 23       	and	r24, r24
     cac:	09 f4       	brne	.+2      	; 0xcb0 <Protocol_Parse+0x130>
     cae:	78 c1       	rjmp	.+752    	; 0xfa0 <Protocol_Parse+0x420>
        if (xv > 0xFFU || yv > 0xFFU) return false;
     cb0:	67 96       	adiw	r28, 0x17	; 23
     cb2:	8c ad       	ldd	r24, Y+60	; 0x3c
     cb4:	9d ad       	ldd	r25, Y+61	; 0x3d
     cb6:	ae ad       	ldd	r26, Y+62	; 0x3e
     cb8:	bf ad       	ldd	r27, Y+63	; 0x3f
     cba:	67 97       	sbiw	r28, 0x17	; 23
     cbc:	8f 3f       	cpi	r24, 0xFF	; 255
     cbe:	91 05       	cpc	r25, r1
     cc0:	a1 05       	cpc	r26, r1
     cc2:	b1 05       	cpc	r27, r1
     cc4:	11 f0       	breq	.+4      	; 0xcca <Protocol_Parse+0x14a>
     cc6:	08 f0       	brcs	.+2      	; 0xcca <Protocol_Parse+0x14a>
     cc8:	4b c0       	rjmp	.+150    	; 0xd60 <Protocol_Parse+0x1e0>
     cca:	63 96       	adiw	r28, 0x13	; 19
     ccc:	8c ad       	ldd	r24, Y+60	; 0x3c
     cce:	9d ad       	ldd	r25, Y+61	; 0x3d
     cd0:	ae ad       	ldd	r26, Y+62	; 0x3e
     cd2:	bf ad       	ldd	r27, Y+63	; 0x3f
     cd4:	63 97       	sbiw	r28, 0x13	; 19
     cd6:	8f 3f       	cpi	r24, 0xFF	; 255
     cd8:	91 05       	cpc	r25, r1
     cda:	a1 05       	cpc	r26, r1
     cdc:	b1 05       	cpc	r27, r1
     cde:	11 f0       	breq	.+4      	; 0xce4 <Protocol_Parse+0x164>
     ce0:	08 f0       	brcs	.+2      	; 0xce4 <Protocol_Parse+0x164>
     ce2:	40 c0       	rjmp	.+128    	; 0xd64 <Protocol_Parse+0x1e4>

        //<ALLOW_TIME> — TTTTTT는 정확히 6자리
        tlen = (uint8_t)strlen(fields[4]);
     ce4:	2b 96       	adiw	r28, 0x0b	; 11
     ce6:	8e ad       	ldd	r24, Y+62	; 0x3e
     ce8:	9f ad       	ldd	r25, Y+63	; 0x3f
     cea:	2b 97       	sbiw	r28, 0x0b	; 11
     cec:	fc 01       	movw	r30, r24
     cee:	01 90       	ld	r0, Z+
     cf0:	00 20       	and	r0, r0
     cf2:	e9 f7       	brne	.-6      	; 0xcee <Protocol_Parse+0x16e>
     cf4:	31 97       	sbiw	r30, 0x01	; 1
     cf6:	bf 01       	movw	r22, r30
     cf8:	68 1b       	sub	r22, r24
        if (tlen != 6U) return false;
     cfa:	79 0b       	sbc	r23, r25
     cfc:	66 30       	cpi	r22, 0x06	; 6
        if (!ParseDecimal(fields[4], tlen, &tv)) return false;
     cfe:	a1 f5       	brne	.+104    	; 0xd68 <Protocol_Parse+0x1e8>
     d00:	ae 01       	movw	r20, r28
     d02:	45 5b       	subi	r20, 0xB5	; 181
     d04:	5f 4f       	sbci	r21, 0xFF	; 255
     d06:	b2 de       	rcall	.-668    	; 0xa6c <ParseDecimal>
     d08:	88 23       	and	r24, r24
     d0a:	09 f4       	brne	.+2      	; 0xd0e <Protocol_Parse+0x18e>
     d0c:	49 c1       	rjmp	.+658    	; 0xfa0 <Protocol_Parse+0x420>

        out->cmd = CMD_MOVE;
     d0e:	91 e0       	ldi	r25, 0x01	; 1
     d10:	f5 01       	movw	r30, r10
     d12:	90 83       	st	Z, r25
        out->req_id = req_id;
     d14:	6b 96       	adiw	r28, 0x1b	; 27
     d16:	4c ad       	ldd	r20, Y+60	; 0x3c
     d18:	5d ad       	ldd	r21, Y+61	; 0x3d
     d1a:	6e ad       	ldd	r22, Y+62	; 0x3e
     d1c:	7f ad       	ldd	r23, Y+63	; 0x3f
     d1e:	6b 97       	sbiw	r28, 0x1b	; 27
     d20:	41 83       	std	Z+1, r20	; 0x01
     d22:	52 83       	std	Z+2, r21	; 0x02
     d24:	63 83       	std	Z+3, r22	; 0x03
     d26:	74 83       	std	Z+4, r23	; 0x04
        out->x = (uint8_t)xv;
     d28:	64 96       	adiw	r28, 0x14	; 20
     d2a:	2f ad       	ldd	r18, Y+63	; 0x3f
     d2c:	64 97       	sbiw	r28, 0x14	; 20
     d2e:	25 83       	std	Z+5, r18	; 0x05
        out->y = (uint8_t)yv;
     d30:	60 96       	adiw	r28, 0x10	; 16
     d32:	2f ad       	ldd	r18, Y+63	; 0x3f
     d34:	60 97       	sbiw	r28, 0x10	; 16
     d36:	26 83       	std	Z+6, r18	; 0x06
        out->allow_time_sec = tv;
     d38:	2f 96       	adiw	r28, 0x0f	; 15
     d3a:	4c ad       	ldd	r20, Y+60	; 0x3c
     d3c:	5d ad       	ldd	r21, Y+61	; 0x3d
     d3e:	6e ad       	ldd	r22, Y+62	; 0x3e
     d40:	7f ad       	ldd	r23, Y+63	; 0x3f
     d42:	2f 97       	sbiw	r28, 0x0f	; 15
     d44:	47 83       	std	Z+7, r20	; 0x07
     d46:	50 87       	std	Z+8, r21	; 0x08
     d48:	61 87       	std	Z+9, r22	; 0x09
     d4a:	72 87       	std	Z+10, r23	; 0x0a
        out->valid = true; //검증 성공
     d4c:	97 8b       	std	Z+23, r25	; 0x17
        return true;
     d4e:	28 c1       	rjmp	.+592    	; 0xfa0 <Protocol_Parse+0x420>
    //*************MOVE|<REQ_ID>|<X>|<Y>|<ALLOW_TIME>***************
    if (strcmp(fields[0], TOK_MOVE) == 0) {
        uint32_t req_id, xv, yv, tv;
        uint8_t  tlen;

        if (nfields != 5) return false; //필드 개수 확인
     d50:	80 e0       	ldi	r24, 0x00	; 0
     d52:	26 c1       	rjmp	.+588    	; 0xfa0 <Protocol_Parse+0x420>

        //<REQ_ID>
        if (Protocol_ParseHex32(fields[1], &req_id) != REQ_ID_HEX_LEN) return false;
     d54:	80 e0       	ldi	r24, 0x00	; 0
     d56:	24 c1       	rjmp	.+584    	; 0xfa0 <Protocol_Parse+0x420>
        if (fields[1][REQ_ID_HEX_LEN] != '\0') return false; //8자리보다 길면 실패
     d58:	80 e0       	ldi	r24, 0x00	; 0
     d5a:	22 c1       	rjmp	.+580    	; 0xfa0 <Protocol_Parse+0x420>
        if (req_id == REQ_ID_NONE) return false; //예약된 ID(0x00000000)는 사용 불가
     d5c:	80 e0       	ldi	r24, 0x00	; 0
     d5e:	20 c1       	rjmp	.+576    	; 0xfa0 <Protocol_Parse+0x420>

        if (!ParseDecimal(fields[2], (uint8_t)strlen(fields[2]), &xv)) return false;
        if (!ParseDecimal(fields[3], (uint8_t)strlen(fields[3]), &yv)) return false;
        if (xv > 0xFFU || yv > 0xFFU) return false;
     d60:	80 e0       	ldi	r24, 0x00	; 0
     d62:	1e c1       	rjmp	.+572    	; 0xfa0 <Protocol_Parse+0x420>
     d64:	80 e0       	ldi	r24, 0x00	; 0
     d66:	1c c1       	rjmp	.+568    	; 0xfa0 <Protocol_Parse+0x420>

        //<ALLOW_TIME> — TTTTTT는 정확히 6자리
        tlen = (uint8_t)strlen(fields[4]);
        if (tlen != 6U) return false;
     d68:	80 e0       	ldi	r24, 0x00	; 0
     d6a:	1a c1       	rjmp	.+564    	; 0xfa0 <Protocol_Parse+0x420>
        out->valid = true; //검증 성공
        return true;
    }

    //************DISPENSE|<REQ_ID>|<X>|<Y>**************
    if (strcmp(fields[0], TOK_DISPENSE) == 0) {
     d6c:	6b e0       	ldi	r22, 0x0B	; 11
     d6e:	71 e0       	ldi	r23, 0x01	; 1
     d70:	c7 01       	movw	r24, r14
     d72:	0e 94 1d 0f 	call	0x1e3a	; 0x1e3a <strcmp>
     d76:	89 2b       	or	r24, r25
     d78:	09 f0       	breq	.+2      	; 0xd7c <Protocol_Parse+0x1fc>
     d7a:	82 c0       	rjmp	.+260    	; 0xe80 <Protocol_Parse+0x300>
        uint32_t req_id, xv, yv;

        if (nfields != 4) return false; //필드 개수 확인
     d7c:	14 30       	cpi	r17, 0x04	; 4
     d7e:	09 f0       	breq	.+2      	; 0xd82 <Protocol_Parse+0x202>
     d80:	73 c0       	rjmp	.+230    	; 0xe68 <Protocol_Parse+0x2e8>

        //<REQ_ID>
        if (Protocol_ParseHex32(fields[1], &req_id) != REQ_ID_HEX_LEN) return false;
     d82:	be 01       	movw	r22, r28
     d84:	6d 5a       	subi	r22, 0xAD	; 173
     d86:	7f 4f       	sbci	r23, 0xFF	; 255
     d88:	25 96       	adiw	r28, 0x05	; 5
     d8a:	8e ad       	ldd	r24, Y+62	; 0x3e
     d8c:	9f ad       	ldd	r25, Y+63	; 0x3f
     d8e:	25 97       	sbiw	r28, 0x05	; 5
     d90:	c7 de       	rcall	.-626    	; 0xb20 <Protocol_ParseHex32>
     d92:	88 30       	cpi	r24, 0x08	; 8
     d94:	09 f0       	breq	.+2      	; 0xd98 <Protocol_Parse+0x218>
     d96:	6a c0       	rjmp	.+212    	; 0xe6c <Protocol_Parse+0x2ec>
        if (fields[1][REQ_ID_HEX_LEN] != '\0') return false;
     d98:	25 96       	adiw	r28, 0x05	; 5
     d9a:	ee ad       	ldd	r30, Y+62	; 0x3e
     d9c:	ff ad       	ldd	r31, Y+63	; 0x3f
     d9e:	25 97       	sbiw	r28, 0x05	; 5
     da0:	80 85       	ldd	r24, Z+8	; 0x08
     da2:	81 11       	cpse	r24, r1
     da4:	65 c0       	rjmp	.+202    	; 0xe70 <Protocol_Parse+0x2f0>
        if (req_id == REQ_ID_NONE) return false;
     da6:	67 96       	adiw	r28, 0x17	; 23
     da8:	8c ad       	ldd	r24, Y+60	; 0x3c
     daa:	9d ad       	ldd	r25, Y+61	; 0x3d
     dac:	ae ad       	ldd	r26, Y+62	; 0x3e
     dae:	bf ad       	ldd	r27, Y+63	; 0x3f
     db0:	67 97       	sbiw	r28, 0x17	; 23
     db2:	89 2b       	or	r24, r25
     db4:	8a 2b       	or	r24, r26
     db6:	8b 2b       	or	r24, r27
     db8:	09 f4       	brne	.+2      	; 0xdbc <Protocol_Parse+0x23c>
     dba:	5c c0       	rjmp	.+184    	; 0xe74 <Protocol_Parse+0x2f4>

        //<X>, <Y> — MOVE와 동일하게 구조만 확인, 그리드 범위는 fsm.c에서
        if (!ParseDecimal(fields[2], (uint8_t)strlen(fields[2]), &xv)) return false;
     dbc:	27 96       	adiw	r28, 0x07	; 7
     dbe:	8e ad       	ldd	r24, Y+62	; 0x3e
     dc0:	9f ad       	ldd	r25, Y+63	; 0x3f
     dc2:	27 97       	sbiw	r28, 0x07	; 7
     dc4:	fc 01       	movw	r30, r24
     dc6:	01 90       	ld	r0, Z+
     dc8:	00 20       	and	r0, r0
     dca:	e9 f7       	brne	.-6      	; 0xdc6 <Protocol_Parse+0x246>
     dcc:	31 97       	sbiw	r30, 0x01	; 1
     dce:	bf 01       	movw	r22, r30
     dd0:	68 1b       	sub	r22, r24
     dd2:	79 0b       	sbc	r23, r25
     dd4:	ae 01       	movw	r20, r28
     dd6:	41 5b       	subi	r20, 0xB1	; 177
     dd8:	5f 4f       	sbci	r21, 0xFF	; 255
     dda:	48 de       	rcall	.-880    	; 0xa6c <ParseDecimal>
     ddc:	88 23       	and	r24, r24
     dde:	09 f4       	brne	.+2      	; 0xde2 <Protocol_Parse+0x262>
     de0:	df c0       	rjmp	.+446    	; 0xfa0 <Protocol_Parse+0x420>
        if (!ParseDecimal(fields[3], (uint8_t)strlen(fields[3]), &yv)) return false;
     de2:	29 96       	adiw	r28, 0x09	; 9
     de4:	8e ad       	ldd	r24, Y+62	; 0x3e
     de6:	9f ad       	ldd	r25, Y+63	; 0x3f
     de8:	29 97       	sbiw	r28, 0x09	; 9
     dea:	fc 01       	movw	r30, r24
     dec:	01 90       	ld	r0, Z+
     dee:	00 20       	and	r0, r0
     df0:	e9 f7       	brne	.-6      	; 0xdec <Protocol_Parse+0x26c>
     df2:	31 97       	sbiw	r30, 0x01	; 1
     df4:	bf 01       	movw	r22, r30
     df6:	68 1b       	sub	r22, r24
     df8:	79 0b       	sbc	r23, r25
     dfa:	ae 01       	movw	r20, r28
     dfc:	45 5b       	subi	r20, 0xB5	; 181
     dfe:	5f 4f       	sbci	r21, 0xFF	; 255
     e00:	35 de       	rcall	.-918    	; 0xa6c <ParseDecimal>
     e02:	88 23       	and	r24, r24
     e04:	09 f4       	brne	.+2      	; 0xe08 <Protocol_Parse+0x288>
     e06:	cc c0       	rjmp	.+408    	; 0xfa0 <Protocol_Parse+0x420>
        if (xv > 0xFFU || yv > 0xFFU) return false;
     e08:	63 96       	adiw	r28, 0x13	; 19
     e0a:	4c ad       	ldd	r20, Y+60	; 0x3c
     e0c:	5d ad       	ldd	r21, Y+61	; 0x3d
     e0e:	6e ad       	ldd	r22, Y+62	; 0x3e
     e10:	7f ad       	ldd	r23, Y+63	; 0x3f
     e12:	63 97       	sbiw	r28, 0x13	; 19
     e14:	4f 3f       	cpi	r20, 0xFF	; 255
     e16:	51 05       	cpc	r21, r1
     e18:	61 05       	cpc	r22, r1
     e1a:	71 05       	cpc	r23, r1
     e1c:	09 f0       	breq	.+2      	; 0xe20 <Protocol_Parse+0x2a0>
     e1e:	60 f5       	brcc	.+88     	; 0xe78 <Protocol_Parse+0x2f8>
     e20:	2f 96       	adiw	r28, 0x0f	; 15
     e22:	4c ad       	ldd	r20, Y+60	; 0x3c
     e24:	5d ad       	ldd	r21, Y+61	; 0x3d
     e26:	6e ad       	ldd	r22, Y+62	; 0x3e
     e28:	7f ad       	ldd	r23, Y+63	; 0x3f
     e2a:	2f 97       	sbiw	r28, 0x0f	; 15
     e2c:	4f 3f       	cpi	r20, 0xFF	; 255
     e2e:	51 05       	cpc	r21, r1
     e30:	61 05       	cpc	r22, r1
     e32:	71 05       	cpc	r23, r1
     e34:	09 f0       	breq	.+2      	; 0xe38 <Protocol_Parse+0x2b8>
     e36:	10 f5       	brcc	.+68     	; 0xe7c <Protocol_Parse+0x2fc>

        out->cmd    = CMD_DISPENSE;
     e38:	92 e0       	ldi	r25, 0x02	; 2
     e3a:	f5 01       	movw	r30, r10
     e3c:	90 83       	st	Z, r25
        out->req_id = req_id;
     e3e:	67 96       	adiw	r28, 0x17	; 23
     e40:	4c ad       	ldd	r20, Y+60	; 0x3c
     e42:	5d ad       	ldd	r21, Y+61	; 0x3d
     e44:	6e ad       	ldd	r22, Y+62	; 0x3e
     e46:	7f ad       	ldd	r23, Y+63	; 0x3f
     e48:	67 97       	sbiw	r28, 0x17	; 23
     e4a:	41 83       	std	Z+1, r20	; 0x01
     e4c:	52 83       	std	Z+2, r21	; 0x02
     e4e:	63 83       	std	Z+3, r22	; 0x03
     e50:	74 83       	std	Z+4, r23	; 0x04
        out->x      = (uint8_t)xv;
     e52:	60 96       	adiw	r28, 0x10	; 16
     e54:	9f ad       	ldd	r25, Y+63	; 0x3f
     e56:	60 97       	sbiw	r28, 0x10	; 16
     e58:	95 83       	std	Z+5, r25	; 0x05
        out->y      = (uint8_t)yv;
     e5a:	2c 96       	adiw	r28, 0x0c	; 12
     e5c:	9f ad       	ldd	r25, Y+63	; 0x3f
     e5e:	2c 97       	sbiw	r28, 0x0c	; 12
     e60:	96 83       	std	Z+6, r25	; 0x06
        out->valid  = true; //검증 성공
     e62:	91 e0       	ldi	r25, 0x01	; 1
     e64:	97 8b       	std	Z+23, r25	; 0x17
        return true;
     e66:	9c c0       	rjmp	.+312    	; 0xfa0 <Protocol_Parse+0x420>

    //************DISPENSE|<REQ_ID>|<X>|<Y>**************
    if (strcmp(fields[0], TOK_DISPENSE) == 0) {
        uint32_t req_id, xv, yv;

        if (nfields != 4) return false; //필드 개수 확인
     e68:	80 e0       	ldi	r24, 0x00	; 0
     e6a:	9a c0       	rjmp	.+308    	; 0xfa0 <Protocol_Parse+0x420>

        //<REQ_ID>
        if (Protocol_ParseHex32(fields[1], &req_id) != REQ_ID_HEX_LEN) return false;
     e6c:	80 e0       	ldi	r24, 0x00	; 0
     e6e:	98 c0       	rjmp	.+304    	; 0xfa0 <Protocol_Parse+0x420>
        if (fields[1][REQ_ID_HEX_LEN] != '\0') return false;
     e70:	80 e0       	ldi	r24, 0x00	; 0
        if (req_id == REQ_ID_NONE) return false;
     e72:	96 c0       	rjmp	.+300    	; 0xfa0 <Protocol_Parse+0x420>
     e74:	80 e0       	ldi	r24, 0x00	; 0

        //<X>, <Y> — MOVE와 동일하게 구조만 확인, 그리드 범위는 fsm.c에서
        if (!ParseDecimal(fields[2], (uint8_t)strlen(fields[2]), &xv)) return false;
        if (!ParseDecimal(fields[3], (uint8_t)strlen(fields[3]), &yv)) return false;
        if (xv > 0xFFU || yv > 0xFFU) return false;
     e76:	94 c0       	rjmp	.+296    	; 0xfa0 <Protocol_Parse+0x420>
     e78:	80 e0       	ldi	r24, 0x00	; 0
     e7a:	92 c0       	rjmp	.+292    	; 0xfa0 <Protocol_Parse+0x420>
     e7c:	80 e0       	ldi	r24, 0x00	; 0
        out->valid  = true; //검증 성공
        return true;
    }

    //************ACK|<REQ_ID>|<RESULT>**************
    if (strcmp(fields[0], TOK_ACK) == 0) {
     e7e:	90 c0       	rjmp	.+288    	; 0xfa0 <Protocol_Parse+0x420>
     e80:	6c e1       	ldi	r22, 0x1C	; 28
     e82:	71 e0       	ldi	r23, 0x01	; 1
     e84:	c7 01       	movw	r24, r14
     e86:	d9 d7       	rcall	.+4018   	; 0x1e3a <strcmp>
     e88:	89 2b       	or	r24, r25
     e8a:	09 f0       	breq	.+2      	; 0xe8e <Protocol_Parse+0x30e>
     e8c:	49 c0       	rjmp	.+146    	; 0xf20 <Protocol_Parse+0x3a0>
        uint32_t req_id;

        if (nfields != 3) return false; //필드 개수 확인
     e8e:	13 30       	cpi	r17, 0x03	; 3
     e90:	09 f0       	breq	.+2      	; 0xe94 <Protocol_Parse+0x314>

        //<REQ_ID>
        if (Protocol_ParseHex32(fields[1], &req_id) != REQ_ID_HEX_LEN) return false;
     e92:	3c c0       	rjmp	.+120    	; 0xf0c <Protocol_Parse+0x38c>
     e94:	be 01       	movw	r22, r28
     e96:	65 5b       	subi	r22, 0xB5	; 181
     e98:	7f 4f       	sbci	r23, 0xFF	; 255
     e9a:	25 96       	adiw	r28, 0x05	; 5
     e9c:	8e ad       	ldd	r24, Y+62	; 0x3e
     e9e:	9f ad       	ldd	r25, Y+63	; 0x3f
     ea0:	25 97       	sbiw	r28, 0x05	; 5
     ea2:	3e de       	rcall	.-900    	; 0xb20 <Protocol_ParseHex32>
     ea4:	88 30       	cpi	r24, 0x08	; 8
     ea6:	a1 f5       	brne	.+104    	; 0xf10 <Protocol_Parse+0x390>
        if (fields[1][REQ_ID_HEX_LEN] != '\0') return false;
     ea8:	25 96       	adiw	r28, 0x05	; 5
     eaa:	ee ad       	ldd	r30, Y+62	; 0x3e
     eac:	ff ad       	ldd	r31, Y+63	; 0x3f
     eae:	25 97       	sbiw	r28, 0x05	; 5
     eb0:	80 85       	ldd	r24, Z+8	; 0x08
     eb2:	81 11       	cpse	r24, r1
     eb4:	2f c0       	rjmp	.+94     	; 0xf14 <Protocol_Parse+0x394>
        if (req_id == REQ_ID_NONE) return false;
     eb6:	2f 96       	adiw	r28, 0x0f	; 15
     eb8:	8c ad       	ldd	r24, Y+60	; 0x3c
     eba:	9d ad       	ldd	r25, Y+61	; 0x3d
     ebc:	ae ad       	ldd	r26, Y+62	; 0x3e
     ebe:	bf ad       	ldd	r27, Y+63	; 0x3f
     ec0:	2f 97       	sbiw	r28, 0x0f	; 15
     ec2:	89 2b       	or	r24, r25
     ec4:	8a 2b       	or	r24, r26
     ec6:	8b 2b       	or	r24, r27

        //<RESULT> — Pi가 보내는 ACK는 RESULT 수신 확인 용도로만 쓰임
        if (strcmp(fields[2], TOK_RESULT) != 0) return false;
     ec8:	39 f1       	breq	.+78     	; 0xf18 <Protocol_Parse+0x398>
     eca:	60 e2       	ldi	r22, 0x20	; 32
     ecc:	71 e0       	ldi	r23, 0x01	; 1
     ece:	27 96       	adiw	r28, 0x07	; 7
     ed0:	8e ad       	ldd	r24, Y+62	; 0x3e
     ed2:	9f ad       	ldd	r25, Y+63	; 0x3f
     ed4:	27 97       	sbiw	r28, 0x07	; 7
     ed6:	b1 d7       	rcall	.+3938   	; 0x1e3a <strcmp>
     ed8:	89 2b       	or	r24, r25
     eda:	01 f5       	brne	.+64     	; 0xf1c <Protocol_Parse+0x39c>

        out->cmd    = CMD_ACK;
     edc:	83 e0       	ldi	r24, 0x03	; 3
     ede:	f5 01       	movw	r30, r10
     ee0:	80 83       	st	Z, r24
        out->req_id = req_id;
     ee2:	2f 96       	adiw	r28, 0x0f	; 15
     ee4:	8c ad       	ldd	r24, Y+60	; 0x3c
     ee6:	9d ad       	ldd	r25, Y+61	; 0x3d
     ee8:	ae ad       	ldd	r26, Y+62	; 0x3e
     eea:	bf ad       	ldd	r27, Y+63	; 0x3f
     eec:	2f 97       	sbiw	r28, 0x0f	; 15
     eee:	81 83       	std	Z+1, r24	; 0x01
     ef0:	92 83       	std	Z+2, r25	; 0x02
     ef2:	a3 83       	std	Z+3, r26	; 0x03
        strcpy(out->ack_target, fields[2]); //ACK 대상 문자열 저장
     ef4:	b4 83       	std	Z+4, r27	; 0x04
     ef6:	27 96       	adiw	r28, 0x07	; 7
     ef8:	6e ad       	ldd	r22, Y+62	; 0x3e
     efa:	7f ad       	ldd	r23, Y+63	; 0x3f
     efc:	27 97       	sbiw	r28, 0x07	; 7
     efe:	c5 01       	movw	r24, r10
     f00:	0b 96       	adiw	r24, 0x0b	; 11
     f02:	a4 d7       	rcall	.+3912   	; 0x1e4c <strcpy>
        out->valid  = true; //검증 성공
     f04:	81 e0       	ldi	r24, 0x01	; 1
     f06:	f5 01       	movw	r30, r10
     f08:	87 8b       	std	Z+23, r24	; 0x17
        return true;
     f0a:	4a c0       	rjmp	.+148    	; 0xfa0 <Protocol_Parse+0x420>

    //************ACK|<REQ_ID>|<RESULT>**************
    if (strcmp(fields[0], TOK_ACK) == 0) {
        uint32_t req_id;

        if (nfields != 3) return false; //필드 개수 확인
     f0c:	80 e0       	ldi	r24, 0x00	; 0

        //<REQ_ID>
        if (Protocol_ParseHex32(fields[1], &req_id) != REQ_ID_HEX_LEN) return false;
     f0e:	48 c0       	rjmp	.+144    	; 0xfa0 <Protocol_Parse+0x420>
     f10:	80 e0       	ldi	r24, 0x00	; 0
        if (fields[1][REQ_ID_HEX_LEN] != '\0') return false;
     f12:	46 c0       	rjmp	.+140    	; 0xfa0 <Protocol_Parse+0x420>
     f14:	80 e0       	ldi	r24, 0x00	; 0
        if (req_id == REQ_ID_NONE) return false;
     f16:	44 c0       	rjmp	.+136    	; 0xfa0 <Protocol_Parse+0x420>
     f18:	80 e0       	ldi	r24, 0x00	; 0

        //<RESULT> — Pi가 보내는 ACK는 RESULT 수신 확인 용도로만 쓰임
        if (strcmp(fields[2], TOK_RESULT) != 0) return false;
     f1a:	42 c0       	rjmp	.+132    	; 0xfa0 <Protocol_Parse+0x420>
     f1c:	80 e0       	ldi	r24, 0x00	; 0
        out->valid  = true; //검증 성공
        return true;
    }

    //************TIMEOUT|<REQ_ID>**************
    if (strcmp(fields[0], TOK_TIMEOUT) == 0) {
     f1e:	40 c0       	rjmp	.+128    	; 0xfa0 <Protocol_Parse+0x420>
     f20:	64 e1       	ldi	r22, 0x14	; 20
     f22:	71 e0       	ldi	r23, 0x01	; 1
     f24:	c7 01       	movw	r24, r14
     f26:	89 d7       	rcall	.+3858   	; 0x1e3a <strcmp>
     f28:	89 2b       	or	r24, r25
        uint32_t req_id;

        if (nfields != 2) return false; //필드 개수 확인
     f2a:	c9 f5       	brne	.+114    	; 0xf9e <Protocol_Parse+0x41e>
     f2c:	12 30       	cpi	r17, 0x02	; 2

        //<REQ_ID>
        if (Protocol_ParseHex32(fields[1], &req_id) != REQ_ID_HEX_LEN) return false;
     f2e:	59 f5       	brne	.+86     	; 0xf86 <Protocol_Parse+0x406>
     f30:	be 01       	movw	r22, r28
     f32:	65 5b       	subi	r22, 0xB5	; 181
     f34:	7f 4f       	sbci	r23, 0xFF	; 255
     f36:	25 96       	adiw	r28, 0x05	; 5
     f38:	8e ad       	ldd	r24, Y+62	; 0x3e
     f3a:	9f ad       	ldd	r25, Y+63	; 0x3f
     f3c:	25 97       	sbiw	r28, 0x05	; 5
     f3e:	f0 dd       	rcall	.-1056   	; 0xb20 <Protocol_ParseHex32>
     f40:	88 30       	cpi	r24, 0x08	; 8
     f42:	19 f5       	brne	.+70     	; 0xf8a <Protocol_Parse+0x40a>
        if (fields[1][REQ_ID_HEX_LEN] != '\0') return false;
     f44:	25 96       	adiw	r28, 0x05	; 5
     f46:	ee ad       	ldd	r30, Y+62	; 0x3e
     f48:	ff ad       	ldd	r31, Y+63	; 0x3f
     f4a:	25 97       	sbiw	r28, 0x05	; 5
     f4c:	80 85       	ldd	r24, Z+8	; 0x08
     f4e:	81 11       	cpse	r24, r1
     f50:	1e c0       	rjmp	.+60     	; 0xf8e <Protocol_Parse+0x40e>
        if (req_id == REQ_ID_NONE) return false;
     f52:	2f 96       	adiw	r28, 0x0f	; 15
     f54:	8c ad       	ldd	r24, Y+60	; 0x3c
     f56:	9d ad       	ldd	r25, Y+61	; 0x3d
     f58:	ae ad       	ldd	r26, Y+62	; 0x3e
     f5a:	bf ad       	ldd	r27, Y+63	; 0x3f
     f5c:	2f 97       	sbiw	r28, 0x0f	; 15
     f5e:	89 2b       	or	r24, r25
     f60:	8a 2b       	or	r24, r26
     f62:	8b 2b       	or	r24, r27
     f64:	b1 f0       	breq	.+44     	; 0xf92 <Protocol_Parse+0x412>

        out->cmd    = CMD_TIMEOUT;
     f66:	84 e0       	ldi	r24, 0x04	; 4
     f68:	f5 01       	movw	r30, r10
     f6a:	80 83       	st	Z, r24
        out->req_id = req_id;
     f6c:	2f 96       	adiw	r28, 0x0f	; 15
     f6e:	8c ad       	ldd	r24, Y+60	; 0x3c
     f70:	9d ad       	ldd	r25, Y+61	; 0x3d
     f72:	ae ad       	ldd	r26, Y+62	; 0x3e
     f74:	bf ad       	ldd	r27, Y+63	; 0x3f
     f76:	2f 97       	sbiw	r28, 0x0f	; 15
     f78:	81 83       	std	Z+1, r24	; 0x01
     f7a:	92 83       	std	Z+2, r25	; 0x02
     f7c:	a3 83       	std	Z+3, r26	; 0x03
     f7e:	b4 83       	std	Z+4, r27	; 0x04
        out->valid  = true; //검증 성공
     f80:	81 e0       	ldi	r24, 0x01	; 1
     f82:	87 8b       	std	Z+23, r24	; 0x17
        return true;
     f84:	0d c0       	rjmp	.+26     	; 0xfa0 <Protocol_Parse+0x420>

    //************TIMEOUT|<REQ_ID>**************
    if (strcmp(fields[0], TOK_TIMEOUT) == 0) {
        uint32_t req_id;

        if (nfields != 2) return false; //필드 개수 확인
     f86:	80 e0       	ldi	r24, 0x00	; 0
     f88:	0b c0       	rjmp	.+22     	; 0xfa0 <Protocol_Parse+0x420>

        //<REQ_ID>
        if (Protocol_ParseHex32(fields[1], &req_id) != REQ_ID_HEX_LEN) return false;
     f8a:	80 e0       	ldi	r24, 0x00	; 0
     f8c:	09 c0       	rjmp	.+18     	; 0xfa0 <Protocol_Parse+0x420>
        if (fields[1][REQ_ID_HEX_LEN] != '\0') return false;
     f8e:	80 e0       	ldi	r24, 0x00	; 0
     f90:	07 c0       	rjmp	.+14     	; 0xfa0 <Protocol_Parse+0x420>
        if (req_id == REQ_ID_NONE) return false;
     f92:	80 e0       	ldi	r24, 0x00	; 0
     f94:	05 c0       	rjmp	.+10     	; 0xfa0 <Protocol_Parse+0x420>
    uint8_t  i;

    FrameInvalidate(out); //출력 구조체를 초기 상태로 초기화

    len = (uint8_t)strlen(line); //입력 문자열 길이 확인
    if (len == 0 || len > FRAME_MAX_CONTENT_LEN) return false; //비었거나 최대 길이 초과 시 실패
     f96:	80 e0       	ldi	r24, 0x00	; 0
     f98:	03 c0       	rjmp	.+6      	; 0xfa0 <Protocol_Parse+0x420>
        if (!IsUpperAsciiOrDigitOrDelim(line[i])) return false; //허용되지 않은 문자 포함 시 실패
    }

    memcpy(work, line, (size_t)len + 1U); //문자열을 work로 복사
    nfields = SplitFields(work, fields, FRAME_MAX_FIELDS); //구분자를 기준으로 분리
    if (nfields == 0) return false; //필드 과다/파싱 실패
     f9a:	80 e0       	ldi	r24, 0x00	; 0
     f9c:	01 c0       	rjmp	.+2      	; 0xfa0 <Protocol_Parse+0x420>
        out->req_id = req_id;
        out->valid  = true; //검증 성공
        return true;
    }

    return false; //나머지는 정의되지 않은 명령어
     f9e:	80 e0       	ldi	r24, 0x00	; 0
}
     fa0:	c6 5a       	subi	r28, 0xA6	; 166
     fa2:	df 4f       	sbci	r29, 0xFF	; 255
     fa4:	0f b6       	in	r0, 0x3f	; 63
     fa6:	f8 94       	cli
     fa8:	de bf       	out	0x3e, r29	; 62
     faa:	0f be       	out	0x3f, r0	; 63
     fac:	cd bf       	out	0x3d, r28	; 61
     fae:	df 91       	pop	r29
     fb0:	cf 91       	pop	r28
     fb2:	1f 91       	pop	r17
     fb4:	0f 91       	pop	r16
     fb6:	ff 90       	pop	r15
     fb8:	ef 90       	pop	r14
     fba:	df 90       	pop	r13
     fbc:	cf 90       	pop	r12
     fbe:	bf 90       	pop	r11
     fc0:	af 90       	pop	r10
     fc2:	08 95       	ret

00000fc4 <Protocol_SendAck>:

//송신
void Protocol_SendAck(uint32_t req_id, const char *target) // "ACK|0000000F|DISPENSE\n"
{
     fc4:	0f 93       	push	r16
     fc6:	1f 93       	push	r17
     fc8:	cf 93       	push	r28
     fca:	df 93       	push	r29
     fcc:	cd b7       	in	r28, 0x3d	; 61
     fce:	de b7       	in	r29, 0x3e	; 62
     fd0:	a8 97       	sbiw	r28, 0x28	; 40
     fd2:	0f b6       	in	r0, 0x3f	; 63
     fd4:	f8 94       	cli
     fd6:	de bf       	out	0x3e, r29	; 62
     fd8:	0f be       	out	0x3f, r0	; 63
     fda:	cd bf       	out	0x3d, r28	; 61
    char buf[TX_FRAME_BUF_LEN];
    // %08lX: req_id를 8자리 16진수 대문자로 변환 (앞쪽 빈자리는 0으로 채움)
    snprintf(buf, sizeof(buf), "%s|%08lX|%s", TOK_ACK, (unsigned long)req_id, target);
     fdc:	5f 93       	push	r21
     fde:	4f 93       	push	r20
     fe0:	9f 93       	push	r25
     fe2:	8f 93       	push	r24
     fe4:	7f 93       	push	r23
     fe6:	6f 93       	push	r22
     fe8:	8c e1       	ldi	r24, 0x1C	; 28
     fea:	91 e0       	ldi	r25, 0x01	; 1
     fec:	9f 93       	push	r25
     fee:	8f 93       	push	r24
     ff0:	87 e2       	ldi	r24, 0x27	; 39
     ff2:	91 e0       	ldi	r25, 0x01	; 1
     ff4:	9f 93       	push	r25
     ff6:	8f 93       	push	r24
     ff8:	1f 92       	push	r1
     ffa:	88 e2       	ldi	r24, 0x28	; 40
     ffc:	8f 93       	push	r24
     ffe:	8e 01       	movw	r16, r28
    1000:	0f 5f       	subi	r16, 0xFF	; 255
    1002:	1f 4f       	sbci	r17, 0xFF	; 255
    1004:	1f 93       	push	r17
    1006:	0f 93       	push	r16
    1008:	28 d7       	rcall	.+3664   	; 0x1e5a <snprintf>
    Uart_WriteLine(buf);
    100a:	c8 01       	movw	r24, r16
    100c:	93 d6       	rcall	.+3366   	; 0x1d34 <Uart_WriteLine>
}
    100e:	0f b6       	in	r0, 0x3f	; 63
    1010:	f8 94       	cli
    1012:	de bf       	out	0x3e, r29	; 62
    1014:	0f be       	out	0x3f, r0	; 63
    1016:	cd bf       	out	0x3d, r28	; 61
    1018:	a8 96       	adiw	r28, 0x28	; 40
    101a:	0f b6       	in	r0, 0x3f	; 63
    101c:	f8 94       	cli
    101e:	de bf       	out	0x3e, r29	; 62
    1020:	0f be       	out	0x3f, r0	; 63
    1022:	cd bf       	out	0x3d, r28	; 61
    1024:	df 91       	pop	r29
    1026:	cf 91       	pop	r28
    1028:	1f 91       	pop	r17
    102a:	0f 91       	pop	r16
    102c:	08 95       	ret

0000102e <Protocol_SendWait>:

void Protocol_SendWait(uint32_t req_id) // "WAIT|0000000F\n"
{
    102e:	0f 93       	push	r16
    1030:	1f 93       	push	r17
    1032:	cf 93       	push	r28
    1034:	df 93       	push	r29
    1036:	cd b7       	in	r28, 0x3d	; 61
    1038:	de b7       	in	r29, 0x3e	; 62
    103a:	a8 97       	sbiw	r28, 0x28	; 40
    103c:	0f b6       	in	r0, 0x3f	; 63
    103e:	f8 94       	cli
    1040:	de bf       	out	0x3e, r29	; 62
    1042:	0f be       	out	0x3f, r0	; 63
    1044:	cd bf       	out	0x3d, r28	; 61
    char buf[TX_FRAME_BUF_LEN];
    snprintf(buf, sizeof(buf), "%s|%08lX", TOK_WAIT, (unsigned long)req_id);
    1046:	9f 93       	push	r25
    1048:	8f 93       	push	r24
    104a:	7f 93       	push	r23
    104c:	6f 93       	push	r22
    104e:	83 e3       	ldi	r24, 0x33	; 51
    1050:	91 e0       	ldi	r25, 0x01	; 1
    1052:	9f 93       	push	r25
    1054:	8f 93       	push	r24
    1056:	88 e3       	ldi	r24, 0x38	; 56
    1058:	91 e0       	ldi	r25, 0x01	; 1
    105a:	9f 93       	push	r25
    105c:	8f 93       	push	r24
    105e:	1f 92       	push	r1
    1060:	88 e2       	ldi	r24, 0x28	; 40
    1062:	8f 93       	push	r24
    1064:	8e 01       	movw	r16, r28
    1066:	0f 5f       	subi	r16, 0xFF	; 255
    1068:	1f 4f       	sbci	r17, 0xFF	; 255
    106a:	1f 93       	push	r17
    106c:	0f 93       	push	r16
    106e:	f5 d6       	rcall	.+3562   	; 0x1e5a <snprintf>
    Uart_WriteLine(buf);
    1070:	c8 01       	movw	r24, r16
    1072:	60 d6       	rcall	.+3264   	; 0x1d34 <Uart_WriteLine>
}
    1074:	0f b6       	in	r0, 0x3f	; 63
    1076:	f8 94       	cli
    1078:	de bf       	out	0x3e, r29	; 62
    107a:	0f be       	out	0x3f, r0	; 63
    107c:	cd bf       	out	0x3d, r28	; 61
    107e:	a8 96       	adiw	r28, 0x28	; 40
    1080:	0f b6       	in	r0, 0x3f	; 63
    1082:	f8 94       	cli
    1084:	de bf       	out	0x3e, r29	; 62
    1086:	0f be       	out	0x3f, r0	; 63
    1088:	cd bf       	out	0x3d, r28	; 61
    108a:	df 91       	pop	r29
    108c:	cf 91       	pop	r28
    108e:	1f 91       	pop	r17
    1090:	0f 91       	pop	r16
    1092:	08 95       	ret

00001094 <Protocol_SendResult>:

void Protocol_SendResult(uint32_t req_id, uint8_t x, uint8_t y, DispenseResult r) // "RESULT|0000000F|121\n"
{
    1094:	0f 93       	push	r16
    1096:	1f 93       	push	r17
    1098:	cf 93       	push	r28
    109a:	df 93       	push	r29
    109c:	cd b7       	in	r28, 0x3d	; 61
    109e:	de b7       	in	r29, 0x3e	; 62
    10a0:	a8 97       	sbiw	r28, 0x28	; 40
    10a2:	0f b6       	in	r0, 0x3f	; 63
    10a4:	f8 94       	cli
    10a6:	de bf       	out	0x3e, r29	; 62
    10a8:	0f be       	out	0x3f, r0	; 63
    10aa:	cd bf       	out	0x3d, r28	; 61
    char buf[TX_FRAME_BUF_LEN];
    snprintf(buf, sizeof(buf), "%s|%08lX|%u%u%u", TOK_RESULT, (unsigned long)req_id,
    10ac:	1f 92       	push	r1
    10ae:	0f 93       	push	r16
    10b0:	3d ec       	ldi	r19, 0xCD	; 205
    10b2:	23 9f       	mul	r18, r19
    10b4:	51 2d       	mov	r21, r1
    10b6:	11 24       	eor	r1, r1
    10b8:	56 95       	lsr	r21
    10ba:	56 95       	lsr	r21
    10bc:	56 95       	lsr	r21
    10be:	55 0f       	add	r21, r21
    10c0:	e5 2f       	mov	r30, r21
    10c2:	ee 0f       	add	r30, r30
    10c4:	ee 0f       	add	r30, r30
    10c6:	5e 0f       	add	r21, r30
    10c8:	25 1b       	sub	r18, r21
    10ca:	1f 92       	push	r1
    10cc:	2f 93       	push	r18
    10ce:	43 9f       	mul	r20, r19
    10d0:	21 2d       	mov	r18, r1
    10d2:	11 24       	eor	r1, r1
    10d4:	26 95       	lsr	r18
    10d6:	26 95       	lsr	r18
    10d8:	26 95       	lsr	r18
    10da:	22 0f       	add	r18, r18
    10dc:	32 2f       	mov	r19, r18
    10de:	33 0f       	add	r19, r19
    10e0:	33 0f       	add	r19, r19
    10e2:	23 0f       	add	r18, r19
    10e4:	42 1b       	sub	r20, r18
    10e6:	1f 92       	push	r1
    10e8:	4f 93       	push	r20
    10ea:	9f 93       	push	r25
    10ec:	8f 93       	push	r24
    10ee:	7f 93       	push	r23
    10f0:	6f 93       	push	r22
    10f2:	80 e2       	ldi	r24, 0x20	; 32
    10f4:	91 e0       	ldi	r25, 0x01	; 1
    10f6:	9f 93       	push	r25
    10f8:	8f 93       	push	r24
    10fa:	81 e4       	ldi	r24, 0x41	; 65
    10fc:	91 e0       	ldi	r25, 0x01	; 1
    10fe:	9f 93       	push	r25
    1100:	8f 93       	push	r24
    1102:	1f 92       	push	r1
    1104:	88 e2       	ldi	r24, 0x28	; 40
    1106:	8f 93       	push	r24
    1108:	8e 01       	movw	r16, r28
    110a:	0f 5f       	subi	r16, 0xFF	; 255
    110c:	1f 4f       	sbci	r17, 0xFF	; 255
    110e:	1f 93       	push	r17
    1110:	0f 93       	push	r16
    1112:	a3 d6       	rcall	.+3398   	; 0x1e5a <snprintf>
             (unsigned int)(x % 10U), (unsigned int)(y % 10U), (unsigned int)r);
    Uart_WriteLine(buf);
    1114:	c8 01       	movw	r24, r16
    1116:	0e d6       	rcall	.+3100   	; 0x1d34 <Uart_WriteLine>
}
    1118:	0f b6       	in	r0, 0x3f	; 63
    111a:	f8 94       	cli
    111c:	de bf       	out	0x3e, r29	; 62
    111e:	0f be       	out	0x3f, r0	; 63
    1120:	cd bf       	out	0x3d, r28	; 61
    1122:	a8 96       	adiw	r28, 0x28	; 40
    1124:	0f b6       	in	r0, 0x3f	; 63
    1126:	f8 94       	cli
    1128:	de bf       	out	0x3e, r29	; 62
    112a:	0f be       	out	0x3f, r0	; 63
    112c:	cd bf       	out	0x3d, r28	; 61
    112e:	df 91       	pop	r29
    1130:	cf 91       	pop	r28
    1132:	1f 91       	pop	r17
    1134:	0f 91       	pop	r16
    1136:	08 95       	ret

00001138 <Protocol_ErrorText>:
    Uart_WriteLine(buf);
}

const char *Protocol_ErrorText(ErrorCode code)
{
    switch (code) {
    1138:	90 e0       	ldi	r25, 0x00	; 0
    113a:	fc 01       	movw	r30, r24
    113c:	31 97       	sbiw	r30, 0x01	; 1
    113e:	ea 30       	cpi	r30, 0x0A	; 10
    1140:	f1 05       	cpc	r31, r1
    1142:	18 f4       	brcc	.+6      	; 0x114a <Protocol_ErrorText+0x12>
    1144:	ea 5b       	subi	r30, 0xBA	; 186
    1146:	ff 4f       	sbci	r31, 0xFF	; 255
    1148:	57 c6       	rjmp	.+3246   	; 0x1df8 <__tablejump2__>
        case ERR_INVALID_FORMAT:     return "INVALID_FORMAT";
    114a:	81 e5       	ldi	r24, 0x51	; 81
    114c:	91 e0       	ldi	r25, 0x01	; 1
    114e:	08 95       	ret
        case ERR_INVALID_COORD:      return "INVALID_COORD";
        case ERR_INVALID_TIME:       return "INVALID_TIME";
    1150:	8e e6       	ldi	r24, 0x6E	; 110
    1152:	91 e0       	ldi	r25, 0x01	; 1
    1154:	08 95       	ret
        case ERR_ID_CONFLICT:        return "ID_CONFLICT";
    1156:	8b e7       	ldi	r24, 0x7B	; 123
    1158:	91 e0       	ldi	r25, 0x01	; 1
    115a:	08 95       	ret
        case ERR_BUSY:                return "BUSY";
    115c:	87 e8       	ldi	r24, 0x87	; 135
    115e:	91 e0       	ldi	r25, 0x01	; 1
    1160:	08 95       	ret
        case ERR_NOT_READY:          return "NOT_READY";
    1162:	8c e8       	ldi	r24, 0x8C	; 140
    1164:	91 e0       	ldi	r25, 0x01	; 1
    1166:	08 95       	ret
        case ERR_COORD_MISMATCH:     return "COORD_MISMATCH";
    1168:	86 e9       	ldi	r24, 0x96	; 150
    116a:	91 e0       	ldi	r25, 0x01	; 1
    116c:	08 95       	ret
        case ERR_RECOVERY_REQUIRED:  return "RECOVERY_REQUIRED";
    116e:	85 ea       	ldi	r24, 0xA5	; 165
    1170:	91 e0       	ldi	r25, 0x01	; 1
    1172:	08 95       	ret
        case ERR_STEPPER_ERROR:      return "STEPPER_ERROR";
    1174:	87 eb       	ldi	r24, 0xB7	; 183
    1176:	91 e0       	ldi	r25, 0x01	; 1
    1178:	08 95       	ret
        case ERR_SERVO_ERROR:        return "SERVO_ERROR";
    117a:	85 ec       	ldi	r24, 0xC5	; 197
    117c:	91 e0       	ldi	r25, 0x01	; 1
    117e:	08 95       	ret
        case ERR_SENSOR_ERROR:       return "SENSOR_ERROR";
    1180:	81 ed       	ldi	r24, 0xD1	; 209
    1182:	91 e0       	ldi	r25, 0x01	; 1
    1184:	08 95       	ret

const char *Protocol_ErrorText(ErrorCode code)
{
    switch (code) {
        case ERR_INVALID_FORMAT:     return "INVALID_FORMAT";
        case ERR_INVALID_COORD:      return "INVALID_COORD";
    1186:	80 e6       	ldi	r24, 0x60	; 96
    1188:	91 e0       	ldi	r25, 0x01	; 1
        case ERR_STEPPER_ERROR:      return "STEPPER_ERROR";
        case ERR_SERVO_ERROR:        return "SERVO_ERROR";
        case ERR_SENSOR_ERROR:       return "SENSOR_ERROR";
        default:                      return "INVALID_FORMAT";
    }
}
    118a:	08 95       	ret

0000118c <Protocol_SendError>:
             (unsigned int)(x % 10U), (unsigned int)(y % 10U), (unsigned int)r);
    Uart_WriteLine(buf);
}

void Protocol_SendError(uint32_t req_id, ErrorCode code) // "ERROR|0000000F|BUSY\n"
{
    118c:	ef 92       	push	r14
    118e:	ff 92       	push	r15
    1190:	0f 93       	push	r16
    1192:	1f 93       	push	r17
    1194:	cf 93       	push	r28
    1196:	df 93       	push	r29
    1198:	cd b7       	in	r28, 0x3d	; 61
    119a:	de b7       	in	r29, 0x3e	; 62
    119c:	a8 97       	sbiw	r28, 0x28	; 40
    119e:	0f b6       	in	r0, 0x3f	; 63
    11a0:	f8 94       	cli
    11a2:	de bf       	out	0x3e, r29	; 62
    11a4:	0f be       	out	0x3f, r0	; 63
    11a6:	cd bf       	out	0x3d, r28	; 61
    11a8:	16 2f       	mov	r17, r22
    11aa:	07 2f       	mov	r16, r23
    11ac:	f8 2e       	mov	r15, r24
    11ae:	e9 2e       	mov	r14, r25
    11b0:	84 2f       	mov	r24, r20
    char buf[TX_FRAME_BUF_LEN];
    snprintf(buf, sizeof(buf), "%s|%08lX|%s", TOK_ERROR, (unsigned long)req_id, Protocol_ErrorText(code));
    11b2:	c2 df       	rcall	.-124    	; 0x1138 <Protocol_ErrorText>
    11b4:	9f 93       	push	r25
    11b6:	8f 93       	push	r24
    11b8:	ef 92       	push	r14
    11ba:	ff 92       	push	r15
    11bc:	0f 93       	push	r16
    11be:	1f 93       	push	r17
    11c0:	8b ec       	ldi	r24, 0xCB	; 203
    11c2:	91 e0       	ldi	r25, 0x01	; 1
    11c4:	9f 93       	push	r25
    11c6:	8f 93       	push	r24
    11c8:	87 e2       	ldi	r24, 0x27	; 39
    11ca:	91 e0       	ldi	r25, 0x01	; 1
    11cc:	9f 93       	push	r25
    11ce:	8f 93       	push	r24
    11d0:	1f 92       	push	r1
    11d2:	88 e2       	ldi	r24, 0x28	; 40
    11d4:	8f 93       	push	r24
    11d6:	8e 01       	movw	r16, r28
    11d8:	0f 5f       	subi	r16, 0xFF	; 255
    11da:	1f 4f       	sbci	r17, 0xFF	; 255
    11dc:	1f 93       	push	r17
    11de:	0f 93       	push	r16
    11e0:	3c d6       	rcall	.+3192   	; 0x1e5a <snprintf>
    Uart_WriteLine(buf);
    11e2:	c8 01       	movw	r24, r16
    11e4:	a7 d5       	rcall	.+2894   	; 0x1d34 <Uart_WriteLine>
    11e6:	0f b6       	in	r0, 0x3f	; 63
}
    11e8:	f8 94       	cli
    11ea:	de bf       	out	0x3e, r29	; 62
    11ec:	0f be       	out	0x3f, r0	; 63
    11ee:	cd bf       	out	0x3d, r28	; 61
    11f0:	a8 96       	adiw	r28, 0x28	; 40
    11f2:	0f b6       	in	r0, 0x3f	; 63
    11f4:	f8 94       	cli
    11f6:	de bf       	out	0x3e, r29	; 62
    11f8:	0f be       	out	0x3f, r0	; 63
    11fa:	cd bf       	out	0x3d, r28	; 61
    11fc:	df 91       	pop	r29
    11fe:	cf 91       	pop	r28
    1200:	1f 91       	pop	r17
    1202:	0f 91       	pop	r16
    1204:	ff 90       	pop	r15
    1206:	ef 90       	pop	r14
    1208:	08 95       	ret

0000120a <Protocol_SendInvalidFormat>:
    120a:	0f 93       	push	r16

void Protocol_SendInvalidFormat(void) // "ERROR|INVALID_FORMAT\n"
{
    120c:	1f 93       	push	r17
    120e:	cf 93       	push	r28
    1210:	df 93       	push	r29
    1212:	cd b7       	in	r28, 0x3d	; 61
    1214:	de b7       	in	r29, 0x3e	; 62
    1216:	a8 97       	sbiw	r28, 0x28	; 40
    1218:	0f b6       	in	r0, 0x3f	; 63
    121a:	f8 94       	cli
    121c:	de bf       	out	0x3e, r29	; 62
    121e:	0f be       	out	0x3f, r0	; 63
    1220:	cd bf       	out	0x3d, r28	; 61
    char buf[TX_FRAME_BUF_LEN];
    snprintf(buf, sizeof(buf), "%s|%s", TOK_ERROR, Protocol_ErrorText(ERR_INVALID_FORMAT));
    1222:	80 e0       	ldi	r24, 0x00	; 0
    1224:	89 df       	rcall	.-238    	; 0x1138 <Protocol_ErrorText>
    1226:	9f 93       	push	r25
    1228:	8f 93       	push	r24
    122a:	8b ec       	ldi	r24, 0xCB	; 203
    122c:	91 e0       	ldi	r25, 0x01	; 1
    122e:	9f 93       	push	r25
    1230:	8f 93       	push	r24
    1232:	8e ed       	ldi	r24, 0xDE	; 222
    1234:	91 e0       	ldi	r25, 0x01	; 1
    1236:	9f 93       	push	r25
    1238:	8f 93       	push	r24
    123a:	1f 92       	push	r1
    123c:	88 e2       	ldi	r24, 0x28	; 40
    123e:	8f 93       	push	r24
    1240:	8e 01       	movw	r16, r28
    1242:	0f 5f       	subi	r16, 0xFF	; 255
    1244:	1f 4f       	sbci	r17, 0xFF	; 255
    1246:	1f 93       	push	r17
    1248:	0f 93       	push	r16
    124a:	07 d6       	rcall	.+3086   	; 0x1e5a <snprintf>
    Uart_WriteLine(buf);
    124c:	c8 01       	movw	r24, r16
    124e:	72 d5       	rcall	.+2788   	; 0x1d34 <Uart_WriteLine>
    1250:	0f b6       	in	r0, 0x3f	; 63
}
    1252:	f8 94       	cli
    1254:	de bf       	out	0x3e, r29	; 62
    1256:	0f be       	out	0x3f, r0	; 63
    1258:	cd bf       	out	0x3d, r28	; 61
    125a:	a8 96       	adiw	r28, 0x28	; 40
    125c:	0f b6       	in	r0, 0x3f	; 63
    125e:	f8 94       	cli
    1260:	de bf       	out	0x3e, r29	; 62
    1262:	0f be       	out	0x3f, r0	; 63
    1264:	cd bf       	out	0x3d, r28	; 61
    1266:	df 91       	pop	r29
    1268:	cf 91       	pop	r28
    126a:	1f 91       	pop	r17
    126c:	0f 91       	pop	r16
    126e:	08 95       	ret

00001270 <Sensors_IrClear>:
 * IR 공개 인터페이스
 * ========================================================================== */

void Sensors_IrClear(void)
{
    ATOMIC_BLOCK(ATOMIC_RESTORESTATE) {
    1270:	9f b7       	in	r25, 0x3f	; 63
    return 1;
}

static __inline__ uint8_t __iCliRetVal(void)
{
    cli();
    1272:	f8 94       	cli
    1274:	81 e0       	ldi	r24, 0x01	; 1
    1276:	03 c0       	rjmp	.+6      	; 0x127e <Sensors_IrClear+0xe>
        s_ctx.ir_latched = false;
    1278:	10 92 0a 02 	sts	0x020A, r1	; 0x80020a <s_ctx>
 * IR 공개 인터페이스
 * ========================================================================== */

void Sensors_IrClear(void)
{
    ATOMIC_BLOCK(ATOMIC_RESTORESTATE) {
    127c:	80 e0       	ldi	r24, 0x00	; 0
    127e:	81 11       	cpse	r24, r1
    1280:	fb cf       	rjmp	.-10     	; 0x1278 <Sensors_IrClear+0x8>
    (void)__s;
}

static __inline__ void __iRestore(const  uint8_t *__s)
{
    SREG = *__s;
    1282:	9f bf       	out	0x3f, r25	; 63
    __asm__ volatile ("" ::: "memory");
    1284:	08 95       	ret

00001286 <Sensors_IrDetected>:
}

bool Sensors_IrDetected(void)
{
    bool v;
    ATOMIC_BLOCK(ATOMIC_RESTORESTATE) {
    1286:	2f b7       	in	r18, 0x3f	; 63
    return 1;
}

static __inline__ uint8_t __iCliRetVal(void)
{
    cli();
    1288:	f8 94       	cli
    128a:	91 e0       	ldi	r25, 0x01	; 1
    128c:	03 c0       	rjmp	.+6      	; 0x1294 <Sensors_IrDetected+0xe>
        v = s_ctx.ir_latched;
    128e:	80 91 0a 02 	lds	r24, 0x020A	; 0x80020a <s_ctx>
}

bool Sensors_IrDetected(void)
{
    bool v;
    ATOMIC_BLOCK(ATOMIC_RESTORESTATE) {
    1292:	90 e0       	ldi	r25, 0x00	; 0
    1294:	91 11       	cpse	r25, r1
    1296:	fb cf       	rjmp	.-10     	; 0x128e <Sensors_IrDetected+0x8>
    (void)__s;
}

static __inline__ void __iRestore(const  uint8_t *__s)
{
    SREG = *__s;
    1298:	2f bf       	out	0x3f, r18	; 63
        v = s_ctx.ir_latched;
    }
    return v;
}
    129a:	08 95       	ret

0000129c <Sensors_IrEnable>:

void Sensors_IrEnable(bool en)
{
    if (en) {
    129c:	88 23       	and	r24, r24
    129e:	31 f0       	breq	.+12     	; 0x12ac <Sensors_IrEnable+0x10>
        /* 닫혀 있는 동안 쌓인 플래그를 먼저 지우지 않으면
         * 여는 즉시 과거 엣지로 ISR 이 한 번 돈다. */
        EIFR   = (uint8_t)((1U << INTF2) | (1U << INTF4));
    12a0:	84 e1       	ldi	r24, 0x14	; 20
    12a2:	88 bf       	out	0x38, r24	; 56
        EIMSK |= (uint8_t)((1U << INT2) | (1U << INT4));
    12a4:	89 b7       	in	r24, 0x39	; 57
    12a6:	84 61       	ori	r24, 0x14	; 20
    12a8:	89 bf       	out	0x39, r24	; 57
    12aa:	08 95       	ret
    } else {
        EIMSK &= (uint8_t)~((1U << INT2) | (1U << INT4));
    12ac:	89 b7       	in	r24, 0x39	; 57
    12ae:	8b 7e       	andi	r24, 0xEB	; 235
    12b0:	89 bf       	out	0x39, r24	; 57
    12b2:	08 95       	ret

000012b4 <Sensors_HomeLevel>:

bool Sensors_HomeLevel(AxisId axis)
{
    uint8_t lvl;

    if (axis == AXIS_X) {
    12b4:	81 11       	cpse	r24, r1
    12b6:	03 c0       	rjmp	.+6      	; 0x12be <Sensors_HomeLevel+0xa>
        lvl = (HOME_X_PIN_REG & (uint8_t)(1U << HOME_X_BIT)) ? 1U : 0U;
    12b8:	90 b3       	in	r25, 0x10	; 16
    12ba:	91 70       	andi	r25, 0x01	; 1
    12bc:	07 c0       	rjmp	.+14     	; 0x12cc <Sensors_HomeLevel+0x18>
    } else if (axis == AXIS_Y) {
    12be:	81 30       	cpi	r24, 0x01	; 1
    12c0:	51 f4       	brne	.+20     	; 0x12d6 <Sensors_HomeLevel+0x22>
        lvl = (HOME_Y_PIN_REG & (uint8_t)(1U << HOME_Y_BIT)) ? 1U : 0U;
    12c2:	81 9b       	sbis	0x10, 1	; 16
    12c4:	02 c0       	rjmp	.+4      	; 0x12ca <Sensors_HomeLevel+0x16>
    12c6:	91 e0       	ldi	r25, 0x01	; 1
    12c8:	01 c0       	rjmp	.+2      	; 0x12cc <Sensors_HomeLevel+0x18>
    12ca:	90 e0       	ldi	r25, 0x00	; 0
    } else {
        return false;
    }

    return (lvl == HOME_ACTIVE_LEVEL);
    12cc:	81 e0       	ldi	r24, 0x01	; 1
    12ce:	91 30       	cpi	r25, 0x01	; 1
    12d0:	19 f0       	breq	.+6      	; 0x12d8 <Sensors_HomeLevel+0x24>
    12d2:	80 e0       	ldi	r24, 0x00	; 0
    12d4:	08 95       	ret
    if (axis == AXIS_X) {
        lvl = (HOME_X_PIN_REG & (uint8_t)(1U << HOME_X_BIT)) ? 1U : 0U;
    } else if (axis == AXIS_Y) {
        lvl = (HOME_Y_PIN_REG & (uint8_t)(1U << HOME_Y_BIT)) ? 1U : 0U;
    } else {
        return false;
    12d6:	80 e0       	ldi	r24, 0x00	; 0
    }

    return (lvl == HOME_ACTIVE_LEVEL);
}
    12d8:	08 95       	ret

000012da <Sensors_Init>:
/* ==========================================================================
 * 초기화
 * ========================================================================== */

void Sensors_Init(void)
{
    12da:	cf 93       	push	r28
    uint8_t i;

    /* --- 내부 상태 초기화 ------------------------------------------------ */
    s_ctx.ir_latched        = false;
    12dc:	ea e0       	ldi	r30, 0x0A	; 10
    12de:	f2 e0       	ldi	r31, 0x02	; 2
    12e0:	10 82       	st	Z, r1
    s_ctx.home_poll_tick_ms = 0UL;
    12e2:	13 82       	std	Z+3, r1	; 0x03
    12e4:	14 82       	std	Z+4, r1	; 0x04
    12e6:	15 82       	std	Z+5, r1	; 0x05
    12e8:	16 82       	std	Z+6, r1	; 0x06
    for (i = 0U; i < (uint8_t)AXIS_COUNT; i++) {
    12ea:	80 e0       	ldi	r24, 0x00	; 0
    12ec:	06 c0       	rjmp	.+12     	; 0x12fa <Sensors_Init+0x20>
        s_ctx.home_latched[i] = false;
    12ee:	e8 2f       	mov	r30, r24
    12f0:	f0 e0       	ldi	r31, 0x00	; 0
    12f2:	e6 5f       	subi	r30, 0xF6	; 246
    12f4:	fd 4f       	sbci	r31, 0xFD	; 253
    12f6:	11 82       	std	Z+1, r1	; 0x01
    uint8_t i;

    /* --- 내부 상태 초기화 ------------------------------------------------ */
    s_ctx.ir_latched        = false;
    s_ctx.home_poll_tick_ms = 0UL;
    for (i = 0U; i < (uint8_t)AXIS_COUNT; i++) {
    12f8:	8f 5f       	subi	r24, 0xFF	; 255
    12fa:	82 30       	cpi	r24, 0x02	; 2
    12fc:	c0 f3       	brcs	.-16     	; 0x12ee <Sensors_Init+0x14>
    }

    /* --- 1. 방향 레지스터: 4핀 모두 입력 -------------------------------- */
    /* 대입(=)이 아니라 비트 클리어(&=~)로 처리해야 같은 포트의 다른 핀을
     * 건드리지 않는다. PORTD/PORTE 는 다른 모듈도 쓴다. */
    HOME_X_DDR &= (uint8_t)~(1U << HOME_X_BIT);
    12fe:	81 b3       	in	r24, 0x11	; 17
    1300:	8e 7f       	andi	r24, 0xFE	; 254
    1302:	81 bb       	out	0x11, r24	; 17
    HOME_Y_DDR &= (uint8_t)~(1U << HOME_Y_BIT);
    1304:	81 b3       	in	r24, 0x11	; 17
    1306:	8d 7f       	andi	r24, 0xFD	; 253
    1308:	81 bb       	out	0x11, r24	; 17
    IR1_DDR    &= (uint8_t)~(1U << IR1_BIT);
    130a:	81 b3       	in	r24, 0x11	; 17
    130c:	8b 7f       	andi	r24, 0xFB	; 251
    130e:	81 bb       	out	0x11, r24	; 17
    IR2_DDR    &= (uint8_t)~(1U << IR2_BIT);
    1310:	82 b1       	in	r24, 0x02	; 2
    1312:	8f 7e       	andi	r24, 0xEF	; 239
    1314:	82 b9       	out	0x02, r24	; 2
    /* 이 모듈이 존재하는 핵심 이유. 같은 PORTD 안에서 정책이 반대다. */
#if (HOME_INTERNAL_PULLUP != 0U)
    HOME_X_PORT |= (uint8_t)(1U << HOME_X_BIT);
    HOME_Y_PORT |= (uint8_t)(1U << HOME_Y_BIT);
#else
    HOME_X_PORT &= (uint8_t)~(1U << HOME_X_BIT);
    1316:	82 b3       	in	r24, 0x12	; 18
    1318:	8e 7f       	andi	r24, 0xFE	; 254
    131a:	82 bb       	out	0x12, r24	; 18
    HOME_Y_PORT &= (uint8_t)~(1U << HOME_Y_BIT);
    131c:	82 b3       	in	r24, 0x12	; 18
    131e:	8d 7f       	andi	r24, 0xFD	; 253
    1320:	82 bb       	out	0x12, r24	; 18
#endif

#if (IR_INTERNAL_PULLUP != 0U)
    IR1_PORT |= (uint8_t)(1U << IR1_BIT);
    1322:	82 b3       	in	r24, 0x12	; 18
    1324:	84 60       	ori	r24, 0x04	; 4
    1326:	82 bb       	out	0x12, r24	; 18
    IR2_PORT |= (uint8_t)(1U << IR2_BIT);
    1328:	83 b1       	in	r24, 0x03	; 3
    132a:	80 61       	ori	r24, 0x10	; 16
    132c:	83 b9       	out	0x03, r24	; 3
     *        11 = rising edge, 10 = falling edge
     *   INT0(홈X) = 11, INT1(홈Y) = 11, INT2(IR1) = 10, INT3 = 미사용(보존)
     * EICRB: INT4(IR2) = 10
     * 통째 대입하지 않고 해당 비트만 갱신한다.
     */
    EICRA = (uint8_t)((EICRA & 0xC0U)                       /* INT3 비트 보존 */
    132e:	ea e6       	ldi	r30, 0x6A	; 106
    1330:	f0 e0       	ldi	r31, 0x00	; 0
    1332:	80 81       	ld	r24, Z
    1334:	80 7c       	andi	r24, 0xC0	; 192
    1336:	8f 62       	ori	r24, 0x2F	; 47
    1338:	80 83       	st	Z, r24
                    | (uint8_t)(0x02U << ISC20)              /* INT2 falling */
                    | (uint8_t)(0x03U << ISC10)              /* INT1 rising  */
                    | (uint8_t)(0x03U << ISC00));            /* INT0 rising  */

    EICRB = (uint8_t)((EICRB & (uint8_t)~(0x03U << ISC40))   /* INT5~7 보존 */
    133a:	8a b7       	in	r24, 0x3a	; 58
    133c:	8c 7f       	andi	r24, 0xFC	; 252
    133e:	82 60       	ori	r24, 0x02	; 2
    1340:	8a bf       	out	0x3a, r24	; 58

    /* --- 4. 잔류 플래그 제거 ---------------------------------------------
     * EIFR 은 1을 써야 지워진다. 트리거 조건을 바꾸는 과정에서
     * 가짜 엣지가 검출될 수 있으므로 EIMSK 를 열기 전에 반드시 지운다.
     */
    EIFR = (uint8_t)((1U << INTF0) | (1U << INTF1) | (1U << INTF2) | (1U << INTF4));
    1342:	87 e1       	ldi	r24, 0x17	; 23
    1344:	88 bf       	out	0x38, r24	; 56

    /* --- 5. 인터럽트 마스크 ----------------------------------------------
     * 홈은 항상 열어둔다. IR 은 Sensors_IrEnable() 로만 연다.
     */
    EIMSK &= (uint8_t)~((1U << INT2) | (1U << INT4));
    1346:	89 b7       	in	r24, 0x39	; 57
    1348:	8b 7e       	andi	r24, 0xEB	; 235
    134a:	89 bf       	out	0x39, r24	; 57
    EIMSK |= (uint8_t)((1U << INT0) | (1U << INT1));
    134c:	89 b7       	in	r24, 0x39	; 57
    134e:	83 60       	ori	r24, 0x03	; 3
    1350:	89 bf       	out	0x39, r24	; 57

    /* --- 6. 부팅 시점 레벨 반영 ------------------------------------------
     * 이미 원점에 정지한 채 부팅하면 rising edge 가 발생하지 않는다.
     * 초기 레벨을 여기서 한 번 래치에 반영한다.
     */
    for (i = 0U; i < (uint8_t)AXIS_COUNT; i++) {
    1352:	c0 e0       	ldi	r28, 0x00	; 0
    1354:	0b c0       	rjmp	.+22     	; 0x136c <Sensors_Init+0x92>
        if (Sensors_HomeLevel((AxisId)i)) {
    1356:	8c 2f       	mov	r24, r28
    1358:	ad df       	rcall	.-166    	; 0x12b4 <Sensors_HomeLevel>
    135a:	88 23       	and	r24, r24
    135c:	31 f0       	breq	.+12     	; 0x136a <Sensors_Init+0x90>
            s_ctx.home_latched[i] = true;
    135e:	ec 2f       	mov	r30, r28
    1360:	f0 e0       	ldi	r31, 0x00	; 0
    1362:	e6 5f       	subi	r30, 0xF6	; 246
    1364:	fd 4f       	sbci	r31, 0xFD	; 253
    1366:	81 e0       	ldi	r24, 0x01	; 1
    1368:	81 83       	std	Z+1, r24	; 0x01

    /* --- 6. 부팅 시점 레벨 반영 ------------------------------------------
     * 이미 원점에 정지한 채 부팅하면 rising edge 가 발생하지 않는다.
     * 초기 레벨을 여기서 한 번 래치에 반영한다.
     */
    for (i = 0U; i < (uint8_t)AXIS_COUNT; i++) {
    136a:	cf 5f       	subi	r28, 0xFF	; 255
    136c:	c2 30       	cpi	r28, 0x02	; 2
    136e:	98 f3       	brcs	.-26     	; 0x1356 <Sensors_Init+0x7c>
        if (Sensors_HomeLevel((AxisId)i)) {
            s_ctx.home_latched[i] = true;
        }
    }
}
    1370:	cf 91       	pop	r28
    1372:	08 95       	ret

00001374 <Sensors_Task>:
/* ==========================================================================
 * 슈퍼루프 tick
 * ========================================================================== */

void Sensors_Task(void)
{
    1374:	cf 93       	push	r28
    /* IR 은 ISR 이 s_ctx.ir_latched 를 직접 세트한다 — Task 개입 없음.
     * (설계서 §6 순수 falling-edge. 재확인 디바운스는 빔을 3~8ms 만에
     *  통과하는 빠른 낙하를 스파이크로 오인해 놓친다. 전기 노이즈는 §7 범위 밖.) */

    /* 홈 센서 레벨 폴링 — 엣지 래치의 보완 (엣지 놓침 / 이미 원점 위). */
    if (Systick_Elapsed(s_ctx.home_poll_tick_ms, HOME_LEVEL_POLL_MS)) {
    1376:	60 91 0d 02 	lds	r22, 0x020D	; 0x80020d <s_ctx+0x3>
    137a:	70 91 0e 02 	lds	r23, 0x020E	; 0x80020e <s_ctx+0x4>
    137e:	80 91 0f 02 	lds	r24, 0x020F	; 0x80020f <s_ctx+0x5>
    1382:	90 91 10 02 	lds	r25, 0x0210	; 0x800210 <s_ctx+0x6>
    1386:	2a e0       	ldi	r18, 0x0A	; 10
    1388:	30 e0       	ldi	r19, 0x00	; 0
    138a:	40 e0       	ldi	r20, 0x00	; 0
    138c:	50 e0       	ldi	r21, 0x00	; 0
    138e:	cc d3       	rcall	.+1944   	; 0x1b28 <Systick_Elapsed>
    1390:	88 23       	and	r24, r24
    1392:	c1 f0       	breq	.+48     	; 0x13c4 <Sensors_Task+0x50>
        uint8_t i;
        s_ctx.home_poll_tick_ms = Systick_Now();
    1394:	bd d3       	rcall	.+1914   	; 0x1b10 <Systick_Now>
    1396:	60 93 0d 02 	sts	0x020D, r22	; 0x80020d <s_ctx+0x3>
    139a:	70 93 0e 02 	sts	0x020E, r23	; 0x80020e <s_ctx+0x4>
    139e:	80 93 0f 02 	sts	0x020F, r24	; 0x80020f <s_ctx+0x5>
    13a2:	90 93 10 02 	sts	0x0210, r25	; 0x800210 <s_ctx+0x6>
    13a6:	c0 e0       	ldi	r28, 0x00	; 0
        for (i = 0U; i < (uint8_t)AXIS_COUNT; i++) {
    13a8:	0b c0       	rjmp	.+22     	; 0x13c0 <Sensors_Task+0x4c>
            if (Sensors_HomeLevel((AxisId)i)) {
    13aa:	8c 2f       	mov	r24, r28
    13ac:	83 df       	rcall	.-250    	; 0x12b4 <Sensors_HomeLevel>
    13ae:	88 23       	and	r24, r24
    13b0:	31 f0       	breq	.+12     	; 0x13be <Sensors_Task+0x4a>
    13b2:	ec 2f       	mov	r30, r28
                s_ctx.home_latched[i] = true;
    13b4:	f0 e0       	ldi	r31, 0x00	; 0
    13b6:	e6 5f       	subi	r30, 0xF6	; 246
    13b8:	fd 4f       	sbci	r31, 0xFD	; 253
    13ba:	81 e0       	ldi	r24, 0x01	; 1
    13bc:	81 83       	std	Z+1, r24	; 0x01
    13be:	cf 5f       	subi	r28, 0xFF	; 255

    /* 홈 센서 레벨 폴링 — 엣지 래치의 보완 (엣지 놓침 / 이미 원점 위). */
    if (Systick_Elapsed(s_ctx.home_poll_tick_ms, HOME_LEVEL_POLL_MS)) {
        uint8_t i;
        s_ctx.home_poll_tick_ms = Systick_Now();
        for (i = 0U; i < (uint8_t)AXIS_COUNT; i++) {
    13c0:	c2 30       	cpi	r28, 0x02	; 2
    13c2:	98 f3       	brcs	.-26     	; 0x13aa <Sensors_Task+0x36>
    13c4:	cf 91       	pop	r28
            if (Sensors_HomeLevel((AxisId)i)) {
                s_ctx.home_latched[i] = true;
            }
        }
    }
}
    13c6:	08 95       	ret

000013c8 <Sensors_HomeLatched>:
    13c8:	82 30       	cpi	r24, 0x02	; 2

bool Sensors_HomeLatched(AxisId axis)
{
    bool v;

    if ((uint8_t)axis >= (uint8_t)AXIS_COUNT) {
    13ca:	78 f4       	brcc	.+30     	; 0x13ea <Sensors_HomeLatched+0x22>
        return false;
    }

    ATOMIC_BLOCK(ATOMIC_RESTORESTATE) {
    13cc:	3f b7       	in	r19, 0x3f	; 63
    return 1;
}

static __inline__ uint8_t __iCliRetVal(void)
{
    cli();
    13ce:	f8 94       	cli
    13d0:	21 e0       	ldi	r18, 0x01	; 1
    13d2:	06 c0       	rjmp	.+12     	; 0x13e0 <Sensors_HomeLatched+0x18>
        v = s_ctx.home_latched[axis];
    13d4:	e8 2f       	mov	r30, r24
    13d6:	f0 e0       	ldi	r31, 0x00	; 0
    13d8:	e6 5f       	subi	r30, 0xF6	; 246
    13da:	fd 4f       	sbci	r31, 0xFD	; 253
    13dc:	91 81       	ldd	r25, Z+1	; 0x01

    if ((uint8_t)axis >= (uint8_t)AXIS_COUNT) {
        return false;
    }

    ATOMIC_BLOCK(ATOMIC_RESTORESTATE) {
    13de:	20 e0       	ldi	r18, 0x00	; 0
    13e0:	21 11       	cpse	r18, r1
    13e2:	f8 cf       	rjmp	.-16     	; 0x13d4 <Sensors_HomeLatched+0xc>
    (void)__s;
}

static __inline__ void __iRestore(const  uint8_t *__s)
{
    SREG = *__s;
    13e4:	3f bf       	out	0x3f, r19	; 63
        v = s_ctx.home_latched[axis];
    }
    return v;
    13e6:	89 2f       	mov	r24, r25
    13e8:	08 95       	ret
bool Sensors_HomeLatched(AxisId axis)
{
    bool v;

    if ((uint8_t)axis >= (uint8_t)AXIS_COUNT) {
        return false;
    13ea:	80 e0       	ldi	r24, 0x00	; 0

    ATOMIC_BLOCK(ATOMIC_RESTORESTATE) {
        v = s_ctx.home_latched[axis];
    }
    return v;
}
    13ec:	08 95       	ret

000013ee <Sensors_HomeClear>:

void Sensors_HomeClear(AxisId axis)
{
    if ((uint8_t)axis >= (uint8_t)AXIS_COUNT) {
    13ee:	82 30       	cpi	r24, 0x02	; 2
    13f0:	68 f4       	brcc	.+26     	; 0x140c <Sensors_HomeClear+0x1e>
        return;
    }

    ATOMIC_BLOCK(ATOMIC_RESTORESTATE) {
    13f2:	2f b7       	in	r18, 0x3f	; 63
    return 1;
}

static __inline__ uint8_t __iCliRetVal(void)
{
    cli();
    13f4:	f8 94       	cli
    13f6:	91 e0       	ldi	r25, 0x01	; 1
    13f8:	06 c0       	rjmp	.+12     	; 0x1406 <Sensors_HomeClear+0x18>
        s_ctx.home_latched[axis] = false;
    13fa:	e8 2f       	mov	r30, r24
    13fc:	f0 e0       	ldi	r31, 0x00	; 0
    13fe:	e6 5f       	subi	r30, 0xF6	; 246
    1400:	fd 4f       	sbci	r31, 0xFD	; 253
    1402:	11 82       	std	Z+1, r1	; 0x01
{
    if ((uint8_t)axis >= (uint8_t)AXIS_COUNT) {
        return;
    }

    ATOMIC_BLOCK(ATOMIC_RESTORESTATE) {
    1404:	90 e0       	ldi	r25, 0x00	; 0
    1406:	91 11       	cpse	r25, r1
    1408:	f8 cf       	rjmp	.-16     	; 0x13fa <Sensors_HomeClear+0xc>
    (void)__s;
}

static __inline__ void __iRestore(const  uint8_t *__s)
{
    SREG = *__s;
    140a:	2f bf       	out	0x3f, r18	; 63
    __asm__ volatile ("" ::: "memory");
    140c:	08 95       	ret

0000140e <__vector_1>:
 * 판정 로직을 넣으면 스테퍼 3ms 틱 타이밍을 흔든다.
 * ========================================================================== */

/** 홈 X (PD0) rising edge */
ISR(INT0_vect)
{
    140e:	1f 92       	push	r1
    1410:	0f 92       	push	r0
    1412:	0f b6       	in	r0, 0x3f	; 63
    1414:	0f 92       	push	r0
    1416:	11 24       	eor	r1, r1
    1418:	8f 93       	push	r24
    s_ctx.home_latched[AXIS_X] = true;
    141a:	81 e0       	ldi	r24, 0x01	; 1
    141c:	80 93 0b 02 	sts	0x020B, r24	; 0x80020b <s_ctx+0x1>
}
    1420:	8f 91       	pop	r24
    1422:	0f 90       	pop	r0
    1424:	0f be       	out	0x3f, r0	; 63
    1426:	0f 90       	pop	r0
    1428:	1f 90       	pop	r1
    142a:	18 95       	reti

0000142c <__vector_2>:

/** 홈 Y (PD1) rising edge */
ISR(INT1_vect)
{
    142c:	1f 92       	push	r1
    142e:	0f 92       	push	r0
    1430:	0f b6       	in	r0, 0x3f	; 63
    1432:	0f 92       	push	r0
    1434:	11 24       	eor	r1, r1
    1436:	8f 93       	push	r24
    s_ctx.home_latched[AXIS_Y] = true;
    1438:	81 e0       	ldi	r24, 0x01	; 1
    143a:	80 93 0c 02 	sts	0x020C, r24	; 0x80020c <s_ctx+0x2>
}
    143e:	8f 91       	pop	r24
    1440:	0f 90       	pop	r0
    1442:	0f be       	out	0x3f, r0	; 63
    1444:	0f 90       	pop	r0
    1446:	1f 90       	pop	r1
    1448:	18 95       	reti

0000144a <__vector_3>:

/** IR1 (PD2) falling edge — 설계서 §6: 감지 즉시 래치 (홈 센서와 동일 방식) */
ISR(INT2_vect)
{
    144a:	1f 92       	push	r1
    144c:	0f 92       	push	r0
    144e:	0f b6       	in	r0, 0x3f	; 63
    1450:	0f 92       	push	r0
    1452:	11 24       	eor	r1, r1
    1454:	8f 93       	push	r24
    s_ctx.ir_latched = true;
    1456:	81 e0       	ldi	r24, 0x01	; 1
    1458:	80 93 0a 02 	sts	0x020A, r24	; 0x80020a <s_ctx>
}
    145c:	8f 91       	pop	r24
    145e:	0f 90       	pop	r0
    1460:	0f be       	out	0x3f, r0	; 63
    1462:	0f 90       	pop	r0
    1464:	1f 90       	pop	r1
    1466:	18 95       	reti

00001468 <__vector_5>:

/** IR2 (PE4) falling edge — OR 로직: IR1/IR2 어느 쪽이든 같은 래치 */
ISR(INT4_vect)
{
    1468:	1f 92       	push	r1
    146a:	0f 92       	push	r0
    146c:	0f b6       	in	r0, 0x3f	; 63
    146e:	0f 92       	push	r0
    1470:	11 24       	eor	r1, r1
    1472:	8f 93       	push	r24
    s_ctx.ir_latched = true;
    1474:	81 e0       	ldi	r24, 0x01	; 1
    1476:	80 93 0a 02 	sts	0x020A, r24	; 0x80020a <s_ctx>
}
    147a:	8f 91       	pop	r24
    147c:	0f 90       	pop	r0
    147e:	0f be       	out	0x3f, r0	; 63
    1480:	0f 90       	pop	r0
    1482:	1f 90       	pop	r1
    1484:	18 95       	reti

00001486 <Servo_WriteAngle>:

/** 각도를 OCR1A 펄스폭으로 변환해서 즉시 반영 */
static void Servo_WriteAngle(uint8_t angle)
{
    uint32_t pulse_us = SERVO_PULSE_MIN_US
        + (((uint32_t)(SERVO_PULSE_MAX_US - SERVO_PULSE_MIN_US) * angle) / SERVO_ANGLE_MAX);
    1486:	28 2f       	mov	r18, r24
    1488:	30 e0       	ldi	r19, 0x00	; 0
    148a:	a0 ed       	ldi	r26, 0xD0	; 208
    148c:	b7 e0       	ldi	r27, 0x07	; 7
    148e:	bd d4       	rcall	.+2426   	; 0x1e0a <__umulhisi3>
    1490:	24 eb       	ldi	r18, 0xB4	; 180
    1492:	30 e0       	ldi	r19, 0x00	; 0
    1494:	40 e0       	ldi	r20, 0x00	; 0
    1496:	50 e0       	ldi	r21, 0x00	; 0
    1498:	8d d4       	rcall	.+2330   	; 0x1db4 <__udivmodsi4>
 * ========================================================================== */

/** 각도를 OCR1A 펄스폭으로 변환해서 즉시 반영 */
static void Servo_WriteAngle(uint8_t angle)
{
    uint32_t pulse_us = SERVO_PULSE_MIN_US
    149a:	da 01       	movw	r26, r20
    149c:	c9 01       	movw	r24, r18
    149e:	8c 50       	subi	r24, 0x0C	; 12
    14a0:	9e 4f       	sbci	r25, 0xFE	; 254
    14a2:	af 4f       	sbci	r26, 0xFF	; 255
    14a4:	bf 4f       	sbci	r27, 0xFF	; 255
        + (((uint32_t)(SERVO_PULSE_MAX_US - SERVO_PULSE_MIN_US) * angle) / SERVO_ANGLE_MAX);

    /* prescaler 8 -> 1 tick = 0.5us -> ticks = us * 2 */
    OCR1A = (uint16_t)(pulse_us * 2UL);
    14a6:	9c 01       	movw	r18, r24
    14a8:	22 0f       	add	r18, r18
    14aa:	33 1f       	adc	r19, r19
    14ac:	3b bd       	out	0x2b, r19	; 43
    14ae:	2a bd       	out	0x2a, r18	; 42
    14b0:	08 95       	ret

000014b2 <Servo_Init>:
 * 초기화
 * ========================================================================== */

void Servo_Init(void)
{
    SERVO_DDR |= (uint8_t)(1U << SERVO_BIT);
    14b2:	87 b3       	in	r24, 0x17	; 23
    14b4:	80 62       	ori	r24, 0x20	; 32
    14b6:	87 bb       	out	0x17, r24	; 23

    /* Fast PWM Mode 14: WGM13=1,WGM12=1,WGM11=1,WGM10=0, TOP=ICR1.
     * COM1A1=1,COM1A0=0 -> OC1A non-inverting.
     * CS12:10 = 010 (prescaler 8) -> CS11 만 세트. */
    TCCR1A = (uint8_t)((1U << COM1A1) | (1U << WGM11));
    14b8:	82 e8       	ldi	r24, 0x82	; 130
    14ba:	8f bd       	out	0x2f, r24	; 47
    TCCR1B = (uint8_t)((1U << WGM13) | (1U << WGM12) | (1U << CS11));
    14bc:	8a e1       	ldi	r24, 0x1A	; 26
    14be:	8e bd       	out	0x2e, r24	; 46
    ICR1   = SERVO_PWM_TOP;
    14c0:	8f e3       	ldi	r24, 0x3F	; 63
    14c2:	9c e9       	ldi	r25, 0x9C	; 156
    14c4:	97 bd       	out	0x27, r25	; 39
    14c6:	86 bd       	out	0x26, r24	; 38

    s_stage     = SV_IDLE;
    14c8:	10 92 16 02 	sts	0x0216, r1	; 0x800216 <s_stage>
    s_cur_angle = SERVO_ANGLE_IDLE;
    14cc:	84 eb       	ldi	r24, 0xB4	; 180
    14ce:	80 93 15 02 	sts	0x0215, r24	; 0x800215 <s_cur_angle>
    s_last_ms   = 0UL;
    14d2:	10 92 11 02 	sts	0x0211, r1	; 0x800211 <s_last_ms>
    14d6:	10 92 12 02 	sts	0x0212, r1	; 0x800212 <s_last_ms+0x1>
    14da:	10 92 13 02 	sts	0x0213, r1	; 0x800213 <s_last_ms+0x2>
    14de:	10 92 14 02 	sts	0x0214, r1	; 0x800214 <s_last_ms+0x3>

    Servo_WriteAngle(s_cur_angle);
    14e2:	d1 cf       	rjmp	.-94     	; 0x1486 <Servo_WriteAngle>
    14e4:	08 95       	ret

000014e6 <Servo_StartPushRamp>:
 * 공개 인터페이스
 * ========================================================================== */

void Servo_StartPushRamp(void)
{
    if (s_stage != SV_IDLE) {
    14e6:	80 91 16 02 	lds	r24, 0x0216	; 0x800216 <s_stage>
    14ea:	81 11       	cpse	r24, r1
    14ec:	10 c0       	rjmp	.+32     	; 0x150e <Servo_StartPushRamp+0x28>
        return;   /* 이미 램프/복귀 진행 중이면 무시 */
    }

    /* 상위설계 §5: 50도로 즉시 점프, 이후 500ms 간격으로 5도씩 감소. */
    s_cur_angle = SERVO_ANGLE_PUSH_START;
    14ee:	82 e3       	ldi	r24, 0x32	; 50
    14f0:	80 93 15 02 	sts	0x0215, r24	; 0x800215 <s_cur_angle>
    Servo_WriteAngle(s_cur_angle);
    14f4:	c8 df       	rcall	.-112    	; 0x1486 <Servo_WriteAngle>

    s_stage   = SV_RAMP;
    14f6:	81 e0       	ldi	r24, 0x01	; 1
    14f8:	80 93 16 02 	sts	0x0216, r24	; 0x800216 <s_stage>
    s_last_ms = Systick_Now();
    14fc:	09 d3       	rcall	.+1554   	; 0x1b10 <Systick_Now>
    14fe:	60 93 11 02 	sts	0x0211, r22	; 0x800211 <s_last_ms>
    1502:	70 93 12 02 	sts	0x0212, r23	; 0x800212 <s_last_ms+0x1>
    1506:	80 93 13 02 	sts	0x0213, r24	; 0x800213 <s_last_ms+0x2>
    150a:	90 93 14 02 	sts	0x0214, r25	; 0x800214 <s_last_ms+0x3>
    150e:	08 95       	ret

00001510 <Servo_ReturnIdle>:

void Servo_ReturnIdle(void)
{
    /* 어느 스테이지에서든(램프 도중 IR 감지, 0도 홀드, 이미 대기 등) 즉시
     * 180도로 점프한 뒤 안정대기. 상위설계 §2.2 "즉시 서보 180도 복귀". */
    s_cur_angle = SERVO_ANGLE_IDLE;
    1510:	84 eb       	ldi	r24, 0xB4	; 180
    1512:	80 93 15 02 	sts	0x0215, r24	; 0x800215 <s_cur_angle>
    Servo_WriteAngle(s_cur_angle);
    1516:	b7 df       	rcall	.-146    	; 0x1486 <Servo_WriteAngle>

    s_stage   = SV_SETTLE_UP;
    1518:	83 e0       	ldi	r24, 0x03	; 3
    151a:	80 93 16 02 	sts	0x0216, r24	; 0x800216 <s_stage>
    s_last_ms = Systick_Now();
    151e:	f8 d2       	rcall	.+1520   	; 0x1b10 <Systick_Now>
    1520:	60 93 11 02 	sts	0x0211, r22	; 0x800211 <s_last_ms>
    1524:	70 93 12 02 	sts	0x0212, r23	; 0x800212 <s_last_ms+0x1>
    1528:	80 93 13 02 	sts	0x0213, r24	; 0x800213 <s_last_ms+0x2>
    152c:	90 93 14 02 	sts	0x0214, r25	; 0x800214 <s_last_ms+0x3>
    1530:	08 95       	ret

00001532 <Servo_IsBusy>:
}

bool Servo_IsBusy(void)
{
    return (s_stage == SV_RAMP) || (s_stage == SV_SETTLE_UP);
    1532:	80 91 16 02 	lds	r24, 0x0216	; 0x800216 <s_stage>
    1536:	81 30       	cpi	r24, 0x01	; 1
    1538:	21 f0       	breq	.+8      	; 0x1542 <Servo_IsBusy+0x10>
    153a:	83 30       	cpi	r24, 0x03	; 3
    153c:	21 f4       	brne	.+8      	; 0x1546 <Servo_IsBusy+0x14>
    153e:	81 e0       	ldi	r24, 0x01	; 1
    1540:	08 95       	ret
    1542:	81 e0       	ldi	r24, 0x01	; 1
    1544:	08 95       	ret
    1546:	80 e0       	ldi	r24, 0x00	; 0
}
    1548:	08 95       	ret

0000154a <Servo_Task>:
 * 슈퍼루프 tick
 * ========================================================================== */

void Servo_Task(void)
{
    switch (s_stage) {
    154a:	80 91 16 02 	lds	r24, 0x0216	; 0x800216 <s_stage>
    154e:	81 30       	cpi	r24, 0x01	; 1
    1550:	19 f0       	breq	.+6      	; 0x1558 <Servo_Task+0xe>
    1552:	83 30       	cpi	r24, 0x03	; 3
    1554:	71 f1       	breq	.+92     	; 0x15b2 <Servo_Task+0x68>
    1556:	08 95       	ret

    case SV_RAMP:   /* 50->0, 5도 / SERVO_STEP_INTERVAL_MS */
        if (Systick_Elapsed(s_last_ms, SERVO_STEP_INTERVAL_MS)) {
    1558:	60 91 11 02 	lds	r22, 0x0211	; 0x800211 <s_last_ms>
    155c:	70 91 12 02 	lds	r23, 0x0212	; 0x800212 <s_last_ms+0x1>
    1560:	80 91 13 02 	lds	r24, 0x0213	; 0x800213 <s_last_ms+0x2>
    1564:	90 91 14 02 	lds	r25, 0x0214	; 0x800214 <s_last_ms+0x3>
    1568:	24 ef       	ldi	r18, 0xF4	; 244
    156a:	31 e0       	ldi	r19, 0x01	; 1
    156c:	40 e0       	ldi	r20, 0x00	; 0
    156e:	50 e0       	ldi	r21, 0x00	; 0
    1570:	db d2       	rcall	.+1462   	; 0x1b28 <Systick_Elapsed>
    1572:	88 23       	and	r24, r24
    1574:	71 f1       	breq	.+92     	; 0x15d2 <Servo_Task+0x88>
            s_last_ms = Systick_Now();
    1576:	cc d2       	rcall	.+1432   	; 0x1b10 <Systick_Now>
    1578:	60 93 11 02 	sts	0x0211, r22	; 0x800211 <s_last_ms>
    157c:	70 93 12 02 	sts	0x0212, r23	; 0x800212 <s_last_ms+0x1>
    1580:	80 93 13 02 	sts	0x0213, r24	; 0x800213 <s_last_ms+0x2>
    1584:	90 93 14 02 	sts	0x0214, r25	; 0x800214 <s_last_ms+0x3>
    1588:	80 91 15 02 	lds	r24, 0x0215	; 0x800215 <s_cur_angle>

            if (s_cur_angle <= SERVO_ANGLE_STEP_DEG) {
    158c:	86 30       	cpi	r24, 0x06	; 6
    158e:	18 f4       	brcc	.+6      	; 0x1596 <Servo_Task+0x4c>
    1590:	10 92 15 02 	sts	0x0215, r1	; 0x800215 <s_cur_angle>
                s_cur_angle = SERVO_ANGLE_MIN;
    1594:	03 c0       	rjmp	.+6      	; 0x159c <Servo_Task+0x52>
    1596:	85 50       	subi	r24, 0x05	; 5
            } else {
                s_cur_angle = (uint8_t)(s_cur_angle - SERVO_ANGLE_STEP_DEG);
    1598:	80 93 15 02 	sts	0x0215, r24	; 0x800215 <s_cur_angle>
    159c:	80 91 15 02 	lds	r24, 0x0215	; 0x800215 <s_cur_angle>
            }
            Servo_WriteAngle(s_cur_angle);
    15a0:	72 df       	rcall	.-284    	; 0x1486 <Servo_WriteAngle>
    15a2:	80 91 15 02 	lds	r24, 0x0215	; 0x800215 <s_cur_angle>

            if (s_cur_angle == SERVO_ANGLE_MIN) {
    15a6:	81 11       	cpse	r24, r1
    15a8:	14 c0       	rjmp	.+40     	; 0x15d2 <Servo_Task+0x88>
    15aa:	82 e0       	ldi	r24, 0x02	; 2
                /* 0도 도달. 복귀는 호출자가 지시한다 (1·2차는 복귀 완료 대기,
                 * 3차는 복귀와 5초 감지창을 병행). */
                s_stage = SV_HOLD_ZERO;
    15ac:	80 93 16 02 	sts	0x0216, r24	; 0x800216 <s_stage>
    15b0:	08 95       	ret
    15b2:	60 91 11 02 	lds	r22, 0x0211	; 0x800211 <s_last_ms>
            }
        }
        break;

    case SV_SETTLE_UP:   /* ->180 점프 직후 안정 -> 사이클 종료 */
        if (Systick_Elapsed(s_last_ms, SERVO_SETTLE_MS)) {
    15b6:	70 91 12 02 	lds	r23, 0x0212	; 0x800212 <s_last_ms+0x1>
    15ba:	80 91 13 02 	lds	r24, 0x0213	; 0x800213 <s_last_ms+0x2>
    15be:	90 91 14 02 	lds	r25, 0x0214	; 0x800214 <s_last_ms+0x3>
    15c2:	26 e9       	ldi	r18, 0x96	; 150
    15c4:	30 e0       	ldi	r19, 0x00	; 0
    15c6:	40 e0       	ldi	r20, 0x00	; 0
    15c8:	50 e0       	ldi	r21, 0x00	; 0
    15ca:	ae d2       	rcall	.+1372   	; 0x1b28 <Systick_Elapsed>
    15cc:	81 11       	cpse	r24, r1
    15ce:	10 92 16 02 	sts	0x0216, r1	; 0x800216 <s_stage>
            s_stage = SV_IDLE;
    15d2:	08 95       	ret

000015d4 <Stepper_WritePhase>:
 * ========================================================================== */

/* 해당 축 니블에만 4비트 패턴을 씀. 다른 축 니블은 보존 */
static void Stepper_WritePhase(AxisId axis, uint8_t pattern)
{
    uint8_t shift = (axis == AXIS_X) ? STEPPER_X_SHIFT : STEPPER_Y_SHIFT;
    15d4:	81 11       	cpse	r24, r1
    15d6:	02 c0       	rjmp	.+4      	; 0x15dc <Stepper_WritePhase+0x8>
    15d8:	20 e0       	ldi	r18, 0x00	; 0
    15da:	01 c0       	rjmp	.+2      	; 0x15de <Stepper_WritePhase+0xa>
    15dc:	24 e0       	ldi	r18, 0x04	; 4
    uint8_t mask  = (uint8_t)(STEPPER_NIBBLE_MASK << shift);
    15de:	8f e0       	ldi	r24, 0x0F	; 15
    15e0:	90 e0       	ldi	r25, 0x00	; 0
    15e2:	02 2e       	mov	r0, r18
    15e4:	02 c0       	rjmp	.+4      	; 0x15ea <Stepper_WritePhase+0x16>
    15e6:	88 0f       	add	r24, r24
    15e8:	99 1f       	adc	r25, r25
    15ea:	0a 94       	dec	r0
    15ec:	e2 f7       	brpl	.-8      	; 0x15e6 <Stepper_WritePhase+0x12>

    STEPPER_PORT = (uint8_t)((STEPPER_PORT & (uint8_t)~mask)
    15ee:	9b b3       	in	r25, 0x1b	; 27
    15f0:	80 95       	com	r24
                    | (uint8_t)((pattern & STEPPER_NIBBLE_MASK) << shift));
    15f2:	6f 70       	andi	r22, 0x0F	; 15
    15f4:	70 e0       	ldi	r23, 0x00	; 0
    15f6:	02 c0       	rjmp	.+4      	; 0x15fc <Stepper_WritePhase+0x28>
    15f8:	66 0f       	add	r22, r22
    15fa:	77 1f       	adc	r23, r23
    15fc:	2a 95       	dec	r18
    15fe:	e2 f7       	brpl	.-8      	; 0x15f8 <Stepper_WritePhase+0x24>
static void Stepper_WritePhase(AxisId axis, uint8_t pattern)
{
    uint8_t shift = (axis == AXIS_X) ? STEPPER_X_SHIFT : STEPPER_Y_SHIFT;
    uint8_t mask  = (uint8_t)(STEPPER_NIBBLE_MASK << shift);

    STEPPER_PORT = (uint8_t)((STEPPER_PORT & (uint8_t)~mask)
    1600:	89 23       	and	r24, r25
    1602:	68 2b       	or	r22, r24
    1604:	6b bb       	out	0x1b, r22	; 27
    1606:	08 95       	ret

00001608 <Stepper_AxisBounds>:
}

/* 축별 절대 스텝 하한/상한 */
static void Stepper_AxisBounds(AxisId axis, int16_t *out_min, int16_t *out_max)
{
    if (axis == AXIS_X) {
    1608:	81 11       	cpse	r24, r1
    160a:	09 c0       	rjmp	.+18     	; 0x161e <Stepper_AxisBounds+0x16>
        *out_min = X_MIN_STEPS;
    160c:	fb 01       	movw	r30, r22
    160e:	11 82       	std	Z+1, r1	; 0x01
    1610:	10 82       	st	Z, r1
        *out_max = X_MAX_STEPS;
    1612:	8c e8       	ldi	r24, 0x8C	; 140
    1614:	95 e0       	ldi	r25, 0x05	; 5
    1616:	fa 01       	movw	r30, r20
    1618:	91 83       	std	Z+1, r25	; 0x01
    161a:	80 83       	st	Z, r24
    161c:	08 95       	ret
    } else {
        *out_min = Y_MIN_STEPS;
    161e:	fb 01       	movw	r30, r22
    1620:	11 82       	std	Z+1, r1	; 0x01
    1622:	10 82       	st	Z, r1
        *out_max = Y_MAX_STEPS;
    1624:	84 e3       	ldi	r24, 0x34	; 52
    1626:	92 e1       	ldi	r25, 0x12	; 18
    1628:	fa 01       	movw	r30, r20
    162a:	91 83       	std	Z+1, r25	; 0x01
    162c:	80 83       	st	Z, r24
    162e:	08 95       	ret

00001630 <Stepper_Clamp>:
}

/* 갑 클램핑 */
static int16_t Stepper_Clamp(int16_t v, int16_t lo, int16_t hi)
{
    if (v < lo) return lo;
    1630:	86 17       	cp	r24, r22
    1632:	97 07       	cpc	r25, r23
    1634:	34 f0       	brlt	.+12     	; 0x1642 <Stepper_Clamp+0x12>
    if (v > hi) return hi;
    1636:	48 17       	cp	r20, r24
    1638:	59 07       	cpc	r21, r25
    163a:	2c f4       	brge	.+10     	; 0x1646 <Stepper_Clamp+0x16>
    163c:	84 2f       	mov	r24, r20
    163e:	95 2f       	mov	r25, r21
    1640:	08 95       	ret
}

/* 갑 클램핑 */
static int16_t Stepper_Clamp(int16_t v, int16_t lo, int16_t hi)
{
    if (v < lo) return lo;
    1642:	86 2f       	mov	r24, r22
    1644:	97 2f       	mov	r25, r23
    if (v > hi) return hi;
    return v;
}
    1646:	08 95       	ret

00001648 <Stepper_AdvancePhase>:

/* seq_index 를 dir 방향으로 한 칸 돌리고 그 패턴을 출력 */
static void Stepper_AdvancePhase(AxisId axis, StepDir dir)
{
    1648:	1f 93       	push	r17
    164a:	cf 93       	push	r28
    164c:	df 93       	push	r29
    164e:	16 2f       	mov	r17, r22
    StepperAxis *ax = &s_axis[axis];
    1650:	28 2f       	mov	r18, r24
    1652:	30 e0       	ldi	r19, 0x00	; 0

    if (dir == STEP_DIR_PLUS) {
    1654:	61 30       	cpi	r22, 0x01	; 1
    1656:	a9 f4       	brne	.+42     	; 0x1682 <Stepper_AdvancePhase+0x3a>
        ax->seq_index = (uint8_t)((ax->seq_index + 1U) % STEP_SEQ_LEN);
    1658:	a9 01       	movw	r20, r18
    165a:	44 0f       	add	r20, r20
    165c:	55 1f       	adc	r21, r21
    165e:	44 0f       	add	r20, r20
    1660:	55 1f       	adc	r21, r21
    1662:	44 0f       	add	r20, r20
    1664:	55 1f       	adc	r21, r21
    1666:	f9 01       	movw	r30, r18
    1668:	ee 0f       	add	r30, r30
    166a:	ff 1f       	adc	r31, r31
    166c:	e4 0f       	add	r30, r20
    166e:	f5 1f       	adc	r31, r21
    1670:	e9 5e       	subi	r30, 0xE9	; 233
    1672:	fd 4f       	sbci	r31, 0xFD	; 253
    1674:	44 81       	ldd	r20, Z+4	; 0x04
    1676:	50 e0       	ldi	r21, 0x00	; 0
    1678:	4f 5f       	subi	r20, 0xFF	; 255
    167a:	5f 4f       	sbci	r21, 0xFF	; 255
    167c:	43 70       	andi	r20, 0x03	; 3
    167e:	44 83       	std	Z+4, r20	; 0x04
    1680:	14 c0       	rjmp	.+40     	; 0x16aa <Stepper_AdvancePhase+0x62>
    } else {
        ax->seq_index = (uint8_t)((ax->seq_index + STEP_SEQ_LEN - 1U) % STEP_SEQ_LEN);
    1682:	a9 01       	movw	r20, r18
    1684:	44 0f       	add	r20, r20
    1686:	55 1f       	adc	r21, r21
    1688:	44 0f       	add	r20, r20
    168a:	55 1f       	adc	r21, r21
    168c:	44 0f       	add	r20, r20
    168e:	55 1f       	adc	r21, r21
    1690:	f9 01       	movw	r30, r18
    1692:	ee 0f       	add	r30, r30
    1694:	ff 1f       	adc	r31, r31
    1696:	e4 0f       	add	r30, r20
    1698:	f5 1f       	adc	r31, r21
    169a:	e9 5e       	subi	r30, 0xE9	; 233
    169c:	fd 4f       	sbci	r31, 0xFD	; 253
    169e:	44 81       	ldd	r20, Z+4	; 0x04
    16a0:	50 e0       	ldi	r21, 0x00	; 0
    16a2:	4d 5f       	subi	r20, 0xFD	; 253
    16a4:	5f 4f       	sbci	r21, 0xFF	; 255
    16a6:	43 70       	andi	r20, 0x03	; 3
    16a8:	44 83       	std	Z+4, r20	; 0x04
    }

    Stepper_WritePhase(axis, s_full_drive_seq[ax->seq_index]);
    16aa:	e9 01       	movw	r28, r18
    16ac:	cc 0f       	add	r28, r28
    16ae:	dd 1f       	adc	r29, r29
    16b0:	22 0f       	add	r18, r18
    16b2:	33 1f       	adc	r19, r19
    16b4:	22 0f       	add	r18, r18
    16b6:	33 1f       	adc	r19, r19
    16b8:	22 0f       	add	r18, r18
    16ba:	33 1f       	adc	r19, r19
    16bc:	c2 0f       	add	r28, r18
    16be:	d3 1f       	adc	r29, r19
    16c0:	c9 5e       	subi	r28, 0xE9	; 233
    16c2:	dd 4f       	sbci	r29, 0xFD	; 253
    16c4:	ec 81       	ldd	r30, Y+4	; 0x04
    16c6:	f0 e0       	ldi	r31, 0x00	; 0
    16c8:	ee 50       	subi	r30, 0x0E	; 14
    16ca:	fe 4f       	sbci	r31, 0xFE	; 254
    16cc:	60 81       	ld	r22, Z
    16ce:	82 df       	rcall	.-252    	; 0x15d4 <Stepper_WritePhase>
    ax->cur_steps = (int16_t)(ax->cur_steps + (int16_t)dir);
    16d0:	88 81       	ld	r24, Y
    16d2:	99 81       	ldd	r25, Y+1	; 0x01
    16d4:	81 0f       	add	r24, r17
    16d6:	91 1d       	adc	r25, r1
    16d8:	17 fd       	sbrc	r17, 7
    16da:	9a 95       	dec	r25
    16dc:	99 83       	std	Y+1, r25	; 0x01
    16de:	88 83       	st	Y, r24
}
    16e0:	df 91       	pop	r29
    16e2:	cf 91       	pop	r28
    16e4:	1f 91       	pop	r17
    16e6:	08 95       	ret

000016e8 <Stepper_Init>:

void Stepper_Init(void)
{
    uint8_t i;

    STEPPER_DDR  = 0xFFU;   /* 8비트 전부 출력 (X 니블 + Y 니블) */
    16e8:	8f ef       	ldi	r24, 0xFF	; 255
    16ea:	8a bb       	out	0x1a, r24	; 26
    STEPPER_PORT = 0x00U;   /* 코일 전부 OFF 로 시작 */
    16ec:	1b ba       	out	0x1b, r1	; 27

    for (i = 0U; i < (uint8_t)AXIS_COUNT; i++) {
    16ee:	20 e0       	ldi	r18, 0x00	; 0
    16f0:	1a c0       	rjmp	.+52     	; 0x1726 <Stepper_Init+0x3e>
        s_axis[i].cur_steps    = 0;
    16f2:	82 2f       	mov	r24, r18
    16f4:	90 e0       	ldi	r25, 0x00	; 0
    16f6:	fc 01       	movw	r30, r24
    16f8:	ee 0f       	add	r30, r30
    16fa:	ff 1f       	adc	r31, r31
    16fc:	88 0f       	add	r24, r24
    16fe:	99 1f       	adc	r25, r25
    1700:	88 0f       	add	r24, r24
    1702:	99 1f       	adc	r25, r25
    1704:	88 0f       	add	r24, r24
    1706:	99 1f       	adc	r25, r25
    1708:	e8 0f       	add	r30, r24
    170a:	f9 1f       	adc	r31, r25
    170c:	e9 5e       	subi	r30, 0xE9	; 233
    170e:	fd 4f       	sbci	r31, 0xFD	; 253
    1710:	11 82       	std	Z+1, r1	; 0x01
    1712:	10 82       	st	Z, r1
        s_axis[i].target_steps = 0;
    1714:	13 82       	std	Z+3, r1	; 0x03
    1716:	12 82       	std	Z+2, r1	; 0x02
        s_axis[i].seq_index    = 0U;
    1718:	14 82       	std	Z+4, r1	; 0x04
        s_axis[i].status       = STEPPER_IDLE;
    171a:	15 82       	std	Z+5, r1	; 0x05
        s_axis[i].last_tick_ms = 0UL;
    171c:	16 82       	std	Z+6, r1	; 0x06
    171e:	17 82       	std	Z+7, r1	; 0x07
    1720:	10 86       	std	Z+8, r1	; 0x08
    1722:	11 86       	std	Z+9, r1	; 0x09
    uint8_t i;

    STEPPER_DDR  = 0xFFU;   /* 8비트 전부 출력 (X 니블 + Y 니블) */
    STEPPER_PORT = 0x00U;   /* 코일 전부 OFF 로 시작 */

    for (i = 0U; i < (uint8_t)AXIS_COUNT; i++) {
    1724:	2f 5f       	subi	r18, 0xFF	; 255
    1726:	22 30       	cpi	r18, 0x02	; 2
    1728:	20 f3       	brcs	.-56     	; 0x16f2 <Stepper_Init+0xa>
        s_axis[i].target_steps = 0;
        s_axis[i].seq_index    = 0U;
        s_axis[i].status       = STEPPER_IDLE;
        s_axis[i].last_tick_ms = 0UL;
    }
}
    172a:	08 95       	ret

0000172c <Stepper_Task>:
/* ==========================================================================
 * 슈퍼루프 tick
 * ========================================================================== */

void Stepper_Task(void)
{
    172c:	cf 92       	push	r12
    172e:	df 92       	push	r13
    1730:	ef 92       	push	r14
    1732:	ff 92       	push	r15
    1734:	0f 93       	push	r16
    1736:	1f 93       	push	r17
    1738:	cf 93       	push	r28
    uint8_t  i;
    uint32_t now = Systick_Now();
    173a:	ea d1       	rcall	.+980    	; 0x1b10 <Systick_Now>
    173c:	6b 01       	movw	r12, r22
    173e:	7c 01       	movw	r14, r24

    for (i = 0U; i < (uint8_t)AXIS_COUNT; i++) {
    1740:	c0 e0       	ldi	r28, 0x00	; 0
    1742:	5e c0       	rjmp	.+188    	; 0x1800 <Stepper_Task+0xd4>
        StepperAxis *ax = &s_axis[i];
    1744:	0c 2f       	mov	r16, r28
    1746:	10 e0       	ldi	r17, 0x00	; 0
        StepDir      dir;

        if (ax->status != STEPPER_RUNNING) {
    1748:	f8 01       	movw	r30, r16
    174a:	ee 0f       	add	r30, r30
    174c:	ff 1f       	adc	r31, r31
    174e:	c8 01       	movw	r24, r16
    1750:	88 0f       	add	r24, r24
    1752:	99 1f       	adc	r25, r25
    1754:	88 0f       	add	r24, r24
    1756:	99 1f       	adc	r25, r25
    1758:	88 0f       	add	r24, r24
    175a:	99 1f       	adc	r25, r25
    175c:	e8 0f       	add	r30, r24
    175e:	f9 1f       	adc	r31, r25
    1760:	e9 5e       	subi	r30, 0xE9	; 233
    1762:	fd 4f       	sbci	r31, 0xFD	; 253
    1764:	85 81       	ldd	r24, Z+5	; 0x05
    1766:	81 30       	cpi	r24, 0x01	; 1
    1768:	09 f0       	breq	.+2      	; 0x176c <Stepper_Task+0x40>
    176a:	49 c0       	rjmp	.+146    	; 0x17fe <Stepper_Task+0xd2>
            continue;
        }

        if (!Systick_Elapsed(ax->last_tick_ms, STEP_INTERVAL_MS)) {
    176c:	c8 01       	movw	r24, r16
    176e:	88 0f       	add	r24, r24
    1770:	99 1f       	adc	r25, r25
    1772:	88 0f       	add	r24, r24
    1774:	99 1f       	adc	r25, r25
    1776:	88 0f       	add	r24, r24
    1778:	99 1f       	adc	r25, r25
    177a:	f8 01       	movw	r30, r16
    177c:	ee 0f       	add	r30, r30
    177e:	ff 1f       	adc	r31, r31
    1780:	e8 0f       	add	r30, r24
    1782:	f9 1f       	adc	r31, r25
    1784:	e9 5e       	subi	r30, 0xE9	; 233
    1786:	fd 4f       	sbci	r31, 0xFD	; 253
    1788:	66 81       	ldd	r22, Z+6	; 0x06
    178a:	77 81       	ldd	r23, Z+7	; 0x07
    178c:	80 85       	ldd	r24, Z+8	; 0x08
    178e:	91 85       	ldd	r25, Z+9	; 0x09
    1790:	23 e0       	ldi	r18, 0x03	; 3
    1792:	30 e0       	ldi	r19, 0x00	; 0
    1794:	40 e0       	ldi	r20, 0x00	; 0
    1796:	50 e0       	ldi	r21, 0x00	; 0
    1798:	c7 d1       	rcall	.+910    	; 0x1b28 <Systick_Elapsed>
    179a:	88 23       	and	r24, r24
    179c:	81 f1       	breq	.+96     	; 0x17fe <Stepper_Task+0xd2>
            continue;
        }
        ax->last_tick_ms = now;
    179e:	c8 01       	movw	r24, r16
    17a0:	88 0f       	add	r24, r24
    17a2:	99 1f       	adc	r25, r25
    17a4:	88 0f       	add	r24, r24
    17a6:	99 1f       	adc	r25, r25
    17a8:	88 0f       	add	r24, r24
    17aa:	99 1f       	adc	r25, r25
    17ac:	f8 01       	movw	r30, r16
    17ae:	ee 0f       	add	r30, r30
    17b0:	ff 1f       	adc	r31, r31
    17b2:	e8 0f       	add	r30, r24
    17b4:	f9 1f       	adc	r31, r25
    17b6:	e9 5e       	subi	r30, 0xE9	; 233
    17b8:	fd 4f       	sbci	r31, 0xFD	; 253
    17ba:	c6 82       	std	Z+6, r12	; 0x06
    17bc:	d7 82       	std	Z+7, r13	; 0x07
    17be:	e0 86       	std	Z+8, r14	; 0x08
    17c0:	f1 86       	std	Z+9, r15	; 0x09

        if (ax->cur_steps == ax->target_steps) {
    17c2:	20 81       	ld	r18, Z
    17c4:	31 81       	ldd	r19, Z+1	; 0x01
    17c6:	82 81       	ldd	r24, Z+2	; 0x02
    17c8:	93 81       	ldd	r25, Z+3	; 0x03
    17ca:	28 17       	cp	r18, r24
    17cc:	39 07       	cpc	r19, r25
    17ce:	79 f4       	brne	.+30     	; 0x17ee <Stepper_Task+0xc2>
            ax->status = STEPPER_IDLE;
    17d0:	f8 01       	movw	r30, r16
    17d2:	ee 0f       	add	r30, r30
    17d4:	ff 1f       	adc	r31, r31
    17d6:	00 0f       	add	r16, r16
    17d8:	11 1f       	adc	r17, r17
    17da:	00 0f       	add	r16, r16
    17dc:	11 1f       	adc	r17, r17
    17de:	00 0f       	add	r16, r16
    17e0:	11 1f       	adc	r17, r17
    17e2:	e0 0f       	add	r30, r16
    17e4:	f1 1f       	adc	r31, r17
    17e6:	e9 5e       	subi	r30, 0xE9	; 233
    17e8:	fd 4f       	sbci	r31, 0xFD	; 253
    17ea:	15 82       	std	Z+5, r1	; 0x05
#if (STEPPER_RELEASE_ON_IDLE != 0)
            Stepper_Release((AxisId)i);
#endif
            continue;
    17ec:	08 c0       	rjmp	.+16     	; 0x17fe <Stepper_Task+0xd2>
        }

        dir = (ax->target_steps > ax->cur_steps) ? STEP_DIR_PLUS : STEP_DIR_MINUS;
    17ee:	28 17       	cp	r18, r24
    17f0:	39 07       	cpc	r19, r25
    17f2:	14 f4       	brge	.+4      	; 0x17f8 <Stepper_Task+0xcc>
    17f4:	61 e0       	ldi	r22, 0x01	; 1
    17f6:	01 c0       	rjmp	.+2      	; 0x17fa <Stepper_Task+0xce>
        Stepper_AdvancePhase((AxisId)i, dir);
    17f8:	6f ef       	ldi	r22, 0xFF	; 255
    17fa:	8c 2f       	mov	r24, r28
    17fc:	25 df       	rcall	.-438    	; 0x1648 <Stepper_AdvancePhase>
void Stepper_Task(void)
{
    uint8_t  i;
    uint32_t now = Systick_Now();

    for (i = 0U; i < (uint8_t)AXIS_COUNT; i++) {
    17fe:	cf 5f       	subi	r28, 0xFF	; 255
    1800:	c2 30       	cpi	r28, 0x02	; 2
    1802:	08 f4       	brcc	.+2      	; 0x1806 <Stepper_Task+0xda>
    1804:	9f cf       	rjmp	.-194    	; 0x1744 <Stepper_Task+0x18>
        }

        dir = (ax->target_steps > ax->cur_steps) ? STEP_DIR_PLUS : STEP_DIR_MINUS;
        Stepper_AdvancePhase((AxisId)i, dir);
    }
}
    1806:	cf 91       	pop	r28
    1808:	1f 91       	pop	r17
    180a:	0f 91       	pop	r16
    180c:	ff 90       	pop	r15
    180e:	ef 90       	pop	r14
    1810:	df 90       	pop	r13
    1812:	cf 90       	pop	r12
    1814:	08 95       	ret

00001816 <Stepper_IsBusy>:
    return true;
}

bool Stepper_IsBusy(void)
{
    return (s_axis[AXIS_X].status == STEPPER_RUNNING)
    1816:	80 91 1c 02 	lds	r24, 0x021C	; 0x80021c <s_axis+0x5>
        || (s_axis[AXIS_Y].status == STEPPER_RUNNING);
    181a:	81 30       	cpi	r24, 0x01	; 1
    181c:	29 f0       	breq	.+10     	; 0x1828 <Stepper_IsBusy+0x12>
    181e:	80 91 26 02 	lds	r24, 0x0226	; 0x800226 <s_axis+0xf>
    1822:	81 30       	cpi	r24, 0x01	; 1
    1824:	19 f4       	brne	.+6      	; 0x182c <Stepper_IsBusy+0x16>
    1826:	08 95       	ret
    1828:	81 e0       	ldi	r24, 0x01	; 1
    182a:	08 95       	ret
    182c:	80 e0       	ldi	r24, 0x00	; 0
}
    182e:	08 95       	ret

00001830 <Stepper_ReleaseAll>:

void Stepper_ReleaseAll(void)
{
    STEPPER_PORT = 0x00U;
    1830:	1b ba       	out	0x1b, r1	; 27
    s_axis[AXIS_X].status = STEPPER_IDLE;
    1832:	e7 e1       	ldi	r30, 0x17	; 23
    1834:	f2 e0       	ldi	r31, 0x02	; 2
    1836:	15 82       	std	Z+5, r1	; 0x05
    s_axis[AXIS_Y].status = STEPPER_IDLE;
    1838:	17 86       	std	Z+15, r1	; 0x0f
    183a:	08 95       	ret

0000183c <Stepper_SlotToSteps>:
 * 내부 저수준 인터페이스 (homing.c / dispense.c 전용)
 * ========================================================================== */

bool Stepper_SlotToSteps(AxisId axis, uint8_t slot_index, int16_t *out_steps)
{
    if (axis == AXIS_X) {
    183c:	81 11       	cpse	r24, r1
    183e:	0f c0       	rjmp	.+30     	; 0x185e <Stepper_SlotToSteps+0x22>
        if (slot_index >= SLOT_X_COUNT) {
    1840:	62 30       	cpi	r22, 0x02	; 2
    1842:	f0 f4       	brcc	.+60     	; 0x1880 <Stepper_SlotToSteps+0x44>
            return false;
        }
        *out_steps = s_x_step_table[slot_index];
    1844:	e6 2f       	mov	r30, r22
    1846:	f0 e0       	ldi	r31, 0x00	; 0
    1848:	ee 0f       	add	r30, r30
    184a:	ff 1f       	adc	r31, r31
    184c:	e2 51       	subi	r30, 0x12	; 18
    184e:	fe 4f       	sbci	r31, 0xFE	; 254
    1850:	80 81       	ld	r24, Z
    1852:	91 81       	ldd	r25, Z+1	; 0x01
    1854:	fa 01       	movw	r30, r20
    1856:	91 83       	std	Z+1, r25	; 0x01
    1858:	80 83       	st	Z, r24
        return true;
    185a:	81 e0       	ldi	r24, 0x01	; 1
    185c:	08 95       	ret
    } else if (axis == AXIS_Y) {
    185e:	81 30       	cpi	r24, 0x01	; 1
    1860:	89 f4       	brne	.+34     	; 0x1884 <Stepper_SlotToSteps+0x48>
        if (slot_index >= SLOT_Y_COUNT) {
    1862:	65 30       	cpi	r22, 0x05	; 5
    1864:	88 f4       	brcc	.+34     	; 0x1888 <Stepper_SlotToSteps+0x4c>
            return false;
        }
        *out_steps = s_y_step_table[slot_index];
    1866:	e6 2f       	mov	r30, r22
    1868:	f0 e0       	ldi	r31, 0x00	; 0
    186a:	ee 0f       	add	r30, r30
    186c:	ff 1f       	adc	r31, r31
    186e:	ec 51       	subi	r30, 0x1C	; 28
    1870:	fe 4f       	sbci	r31, 0xFE	; 254
    1872:	80 81       	ld	r24, Z
    1874:	91 81       	ldd	r25, Z+1	; 0x01
    1876:	fa 01       	movw	r30, r20
    1878:	91 83       	std	Z+1, r25	; 0x01
    187a:	80 83       	st	Z, r24
        return true;
    187c:	81 e0       	ldi	r24, 0x01	; 1
    187e:	08 95       	ret

bool Stepper_SlotToSteps(AxisId axis, uint8_t slot_index, int16_t *out_steps)
{
    if (axis == AXIS_X) {
        if (slot_index >= SLOT_X_COUNT) {
            return false;
    1880:	80 e0       	ldi	r24, 0x00	; 0
    1882:	08 95       	ret
        }
        *out_steps = s_y_step_table[slot_index];
        return true;
    }

    return false;
    1884:	80 e0       	ldi	r24, 0x00	; 0
    1886:	08 95       	ret
        }
        *out_steps = s_x_step_table[slot_index];
        return true;
    } else if (axis == AXIS_Y) {
        if (slot_index >= SLOT_Y_COUNT) {
            return false;
    1888:	80 e0       	ldi	r24, 0x00	; 0
        *out_steps = s_y_step_table[slot_index];
        return true;
    }

    return false;
}
    188a:	08 95       	ret

0000188c <Stepper_MoveToStepsRaw>:

bool Stepper_MoveToStepsRaw(AxisId axis, int16_t abs_steps)
{
    188c:	ef 92       	push	r14
    188e:	ff 92       	push	r15
    1890:	0f 93       	push	r16
    1892:	1f 93       	push	r17
    1894:	cf 93       	push	r28
    1896:	df 93       	push	r29
    1898:	00 d0       	rcall	.+0      	; 0x189a <Stepper_MoveToStepsRaw+0xe>
    189a:	00 d0       	rcall	.+0      	; 0x189c <Stepper_MoveToStepsRaw+0x10>
    189c:	cd b7       	in	r28, 0x3d	; 61
    189e:	de b7       	in	r29, 0x3e	; 62
    int16_t lo, hi, clamped;
    StepperAxis *ax;

    if ((uint8_t)axis >= (uint8_t)AXIS_COUNT) {
    18a0:	82 30       	cpi	r24, 0x02	; 2
    18a2:	08 f0       	brcs	.+2      	; 0x18a6 <Stepper_MoveToStepsRaw+0x1a>
    18a4:	5f c0       	rjmp	.+190    	; 0x1964 <Stepper_MoveToStepsRaw+0xd8>
        return false;
    }

    ax = &s_axis[axis];
    18a6:	08 2f       	mov	r16, r24
    18a8:	10 e0       	ldi	r17, 0x00	; 0
    if (ax->status == STEPPER_RUNNING) {
    18aa:	f8 01       	movw	r30, r16
    18ac:	ee 0f       	add	r30, r30
    18ae:	ff 1f       	adc	r31, r31
    18b0:	98 01       	movw	r18, r16
    18b2:	22 0f       	add	r18, r18
    18b4:	33 1f       	adc	r19, r19
    18b6:	22 0f       	add	r18, r18
    18b8:	33 1f       	adc	r19, r19
    18ba:	22 0f       	add	r18, r18
    18bc:	33 1f       	adc	r19, r19
    18be:	e2 0f       	add	r30, r18
    18c0:	f3 1f       	adc	r31, r19
    18c2:	e9 5e       	subi	r30, 0xE9	; 233
    18c4:	fd 4f       	sbci	r31, 0xFD	; 253
    18c6:	95 81       	ldd	r25, Z+5	; 0x05
    18c8:	91 30       	cpi	r25, 0x01	; 1
    18ca:	09 f4       	brne	.+2      	; 0x18ce <Stepper_MoveToStepsRaw+0x42>
    18cc:	4d c0       	rjmp	.+154    	; 0x1968 <Stepper_MoveToStepsRaw+0xdc>
    18ce:	7b 01       	movw	r14, r22
        return false;
    }

    Stepper_AxisBounds(axis, &lo, &hi);
    18d0:	ae 01       	movw	r20, r28
    18d2:	4d 5f       	subi	r20, 0xFD	; 253
    18d4:	5f 4f       	sbci	r21, 0xFF	; 255
    18d6:	be 01       	movw	r22, r28
    18d8:	6f 5f       	subi	r22, 0xFF	; 255
    18da:	7f 4f       	sbci	r23, 0xFF	; 255
    18dc:	95 de       	rcall	.-726    	; 0x1608 <Stepper_AxisBounds>
    clamped = Stepper_Clamp(abs_steps, lo, hi);
    18de:	4b 81       	ldd	r20, Y+3	; 0x03
    18e0:	5c 81       	ldd	r21, Y+4	; 0x04
    18e2:	69 81       	ldd	r22, Y+1	; 0x01
    18e4:	7a 81       	ldd	r23, Y+2	; 0x02
    18e6:	c7 01       	movw	r24, r14
    18e8:	a3 de       	rcall	.-698    	; 0x1630 <Stepper_Clamp>

    ax->target_steps = clamped;
    18ea:	98 01       	movw	r18, r16
    18ec:	22 0f       	add	r18, r18
    18ee:	33 1f       	adc	r19, r19
    18f0:	22 0f       	add	r18, r18
    18f2:	33 1f       	adc	r19, r19
    18f4:	22 0f       	add	r18, r18
    18f6:	33 1f       	adc	r19, r19
    18f8:	f8 01       	movw	r30, r16
    18fa:	ee 0f       	add	r30, r30
    18fc:	ff 1f       	adc	r31, r31
    18fe:	e2 0f       	add	r30, r18
    1900:	f3 1f       	adc	r31, r19
    1902:	e9 5e       	subi	r30, 0xE9	; 233
    1904:	fd 4f       	sbci	r31, 0xFD	; 253
    1906:	93 83       	std	Z+3, r25	; 0x03
    1908:	82 83       	std	Z+2, r24	; 0x02

    if (ax->cur_steps == clamped) {
    190a:	20 81       	ld	r18, Z
    190c:	31 81       	ldd	r19, Z+1	; 0x01
    190e:	82 17       	cp	r24, r18
    1910:	93 07       	cpc	r25, r19
    1912:	81 f4       	brne	.+32     	; 0x1934 <Stepper_MoveToStepsRaw+0xa8>
        ax->status = STEPPER_IDLE;
    1914:	f8 01       	movw	r30, r16
    1916:	ee 0f       	add	r30, r30
    1918:	ff 1f       	adc	r31, r31
    191a:	00 0f       	add	r16, r16
    191c:	11 1f       	adc	r17, r17
    191e:	00 0f       	add	r16, r16
    1920:	11 1f       	adc	r17, r17
    1922:	00 0f       	add	r16, r16
    1924:	11 1f       	adc	r17, r17
    1926:	e0 0f       	add	r30, r16
    1928:	f1 1f       	adc	r31, r17
    192a:	e9 5e       	subi	r30, 0xE9	; 233
    192c:	fd 4f       	sbci	r31, 0xFD	; 253
    192e:	15 82       	std	Z+5, r1	; 0x05
        return true;
    1930:	81 e0       	ldi	r24, 0x01	; 1
    1932:	1b c0       	rjmp	.+54     	; 0x196a <Stepper_MoveToStepsRaw+0xde>
    }

    ax->status       = STEPPER_RUNNING;
    1934:	c8 01       	movw	r24, r16
    1936:	88 0f       	add	r24, r24
    1938:	99 1f       	adc	r25, r25
    193a:	00 0f       	add	r16, r16
    193c:	11 1f       	adc	r17, r17
    193e:	00 0f       	add	r16, r16
    1940:	11 1f       	adc	r17, r17
    1942:	00 0f       	add	r16, r16
    1944:	11 1f       	adc	r17, r17
    1946:	08 0f       	add	r16, r24
    1948:	19 1f       	adc	r17, r25
    194a:	09 5e       	subi	r16, 0xE9	; 233
    194c:	1d 4f       	sbci	r17, 0xFD	; 253
    194e:	81 e0       	ldi	r24, 0x01	; 1
    1950:	f8 01       	movw	r30, r16
    ax->last_tick_ms  = Systick_Now();
    1952:	85 83       	std	Z+5, r24	; 0x05
    1954:	dd d0       	rcall	.+442    	; 0x1b10 <Systick_Now>
    1956:	f8 01       	movw	r30, r16
    1958:	66 83       	std	Z+6, r22	; 0x06
    195a:	77 83       	std	Z+7, r23	; 0x07
    195c:	80 87       	std	Z+8, r24	; 0x08
    195e:	91 87       	std	Z+9, r25	; 0x09
    return true;
    1960:	81 e0       	ldi	r24, 0x01	; 1
    1962:	03 c0       	rjmp	.+6      	; 0x196a <Stepper_MoveToStepsRaw+0xde>
{
    int16_t lo, hi, clamped;
    StepperAxis *ax;

    if ((uint8_t)axis >= (uint8_t)AXIS_COUNT) {
        return false;
    1964:	80 e0       	ldi	r24, 0x00	; 0
    1966:	01 c0       	rjmp	.+2      	; 0x196a <Stepper_MoveToStepsRaw+0xde>
    }

    ax = &s_axis[axis];
    if (ax->status == STEPPER_RUNNING) {
        return false;
    1968:	80 e0       	ldi	r24, 0x00	; 0
    }

    ax->status       = STEPPER_RUNNING;
    ax->last_tick_ms  = Systick_Now();
    return true;
}
    196a:	0f 90       	pop	r0
    196c:	0f 90       	pop	r0
    196e:	0f 90       	pop	r0
    1970:	0f 90       	pop	r0
    1972:	df 91       	pop	r29
    1974:	cf 91       	pop	r28
    1976:	1f 91       	pop	r17
    1978:	0f 91       	pop	r16
    197a:	ff 90       	pop	r15
    197c:	ef 90       	pop	r14
    197e:	08 95       	ret

00001980 <Stepper_AxisBusy>:

bool Stepper_AxisBusy(AxisId axis)
{
    if ((uint8_t)axis >= (uint8_t)AXIS_COUNT) {
    1980:	82 30       	cpi	r24, 0x02	; 2
    1982:	a0 f4       	brcc	.+40     	; 0x19ac <Stepper_AxisBusy+0x2c>
        return false;
    }
    return (s_axis[axis].status == STEPPER_RUNNING);
    1984:	90 e0       	ldi	r25, 0x00	; 0
    1986:	fc 01       	movw	r30, r24
    1988:	ee 0f       	add	r30, r30
    198a:	ff 1f       	adc	r31, r31
    198c:	88 0f       	add	r24, r24
    198e:	99 1f       	adc	r25, r25
    1990:	88 0f       	add	r24, r24
    1992:	99 1f       	adc	r25, r25
    1994:	88 0f       	add	r24, r24
    1996:	99 1f       	adc	r25, r25
    1998:	e8 0f       	add	r30, r24
    199a:	f9 1f       	adc	r31, r25
    199c:	e9 5e       	subi	r30, 0xE9	; 233
    199e:	fd 4f       	sbci	r31, 0xFD	; 253
    19a0:	95 81       	ldd	r25, Z+5	; 0x05
    19a2:	81 e0       	ldi	r24, 0x01	; 1
    19a4:	91 30       	cpi	r25, 0x01	; 1
    19a6:	19 f0       	breq	.+6      	; 0x19ae <Stepper_AxisBusy+0x2e>
    19a8:	80 e0       	ldi	r24, 0x00	; 0
    19aa:	08 95       	ret
}

bool Stepper_AxisBusy(AxisId axis)
{
    if ((uint8_t)axis >= (uint8_t)AXIS_COUNT) {
        return false;
    19ac:	80 e0       	ldi	r24, 0x00	; 0
    }
    return (s_axis[axis].status == STEPPER_RUNNING);
}
    19ae:	08 95       	ret

000019b0 <Stepper_MoveToSlot>:
/* ==========================================================================
 * 얼린 인터페이스 (FSM 호출)
 * ========================================================================== */

bool Stepper_MoveToSlot(uint8_t x, uint8_t y)
{
    19b0:	0f 93       	push	r16
    19b2:	1f 93       	push	r17
    19b4:	cf 93       	push	r28
    19b6:	df 93       	push	r29
    19b8:	00 d0       	rcall	.+0      	; 0x19ba <Stepper_MoveToSlot+0xa>
    19ba:	00 d0       	rcall	.+0      	; 0x19bc <Stepper_MoveToSlot+0xc>
    19bc:	cd b7       	in	r28, 0x3d	; 61
    19be:	de b7       	in	r29, 0x3e	; 62
    19c0:	06 2f       	mov	r16, r22
    int16_t xs, ys;

    if (!Stepper_SlotToSteps(AXIS_X, x, &xs)) {
    19c2:	ae 01       	movw	r20, r28
    19c4:	4f 5f       	subi	r20, 0xFF	; 255
    19c6:	5f 4f       	sbci	r21, 0xFF	; 255
    19c8:	68 2f       	mov	r22, r24
    19ca:	80 e0       	ldi	r24, 0x00	; 0
    19cc:	37 df       	rcall	.-402    	; 0x183c <Stepper_SlotToSteps>
    19ce:	18 2f       	mov	r17, r24
    19d0:	88 23       	and	r24, r24
    19d2:	e9 f0       	breq	.+58     	; 0x1a0e <Stepper_MoveToSlot+0x5e>
        return false;
    }
    if (!Stepper_SlotToSteps(AXIS_Y, y, &ys)) {
    19d4:	ae 01       	movw	r20, r28
    19d6:	4d 5f       	subi	r20, 0xFD	; 253
    19d8:	5f 4f       	sbci	r21, 0xFF	; 255
    19da:	60 2f       	mov	r22, r16
    19dc:	81 e0       	ldi	r24, 0x01	; 1
    19de:	2e df       	rcall	.-420    	; 0x183c <Stepper_SlotToSteps>
    19e0:	18 2f       	mov	r17, r24
    19e2:	88 23       	and	r24, r24
    19e4:	a1 f0       	breq	.+40     	; 0x1a0e <Stepper_MoveToSlot+0x5e>
        return false;
    }
    if (Stepper_AxisBusy(AXIS_X) || Stepper_AxisBusy(AXIS_Y)) {
    19e6:	80 e0       	ldi	r24, 0x00	; 0
    19e8:	cb df       	rcall	.-106    	; 0x1980 <Stepper_AxisBusy>
    19ea:	08 2f       	mov	r16, r24
    19ec:	81 11       	cpse	r24, r1
    19ee:	0c c0       	rjmp	.+24     	; 0x1a08 <Stepper_MoveToSlot+0x58>
    19f0:	81 e0       	ldi	r24, 0x01	; 1
    19f2:	c6 df       	rcall	.-116    	; 0x1980 <Stepper_AxisBusy>
    19f4:	81 11       	cpse	r24, r1
    19f6:	0a c0       	rjmp	.+20     	; 0x1a0c <Stepper_MoveToSlot+0x5c>
        return false;   /* 부분 이동을 만들지 않는다 */
    }

    (void)Stepper_MoveToStepsRaw(AXIS_X, xs);
    19f8:	69 81       	ldd	r22, Y+1	; 0x01
    19fa:	7a 81       	ldd	r23, Y+2	; 0x02
    19fc:	47 df       	rcall	.-370    	; 0x188c <Stepper_MoveToStepsRaw>
    (void)Stepper_MoveToStepsRaw(AXIS_Y, ys);
    19fe:	6b 81       	ldd	r22, Y+3	; 0x03
    1a00:	7c 81       	ldd	r23, Y+4	; 0x04
    1a02:	81 e0       	ldi	r24, 0x01	; 1
    1a04:	43 df       	rcall	.-378    	; 0x188c <Stepper_MoveToStepsRaw>
    1a06:	03 c0       	rjmp	.+6      	; 0x1a0e <Stepper_MoveToSlot+0x5e>
    return true;
    1a08:	10 e0       	ldi	r17, 0x00	; 0
    }
    if (!Stepper_SlotToSteps(AXIS_Y, y, &ys)) {
        return false;
    }
    if (Stepper_AxisBusy(AXIS_X) || Stepper_AxisBusy(AXIS_Y)) {
        return false;   /* 부분 이동을 만들지 않는다 */
    1a0a:	01 c0       	rjmp	.+2      	; 0x1a0e <Stepper_MoveToSlot+0x5e>
    1a0c:	10 2f       	mov	r17, r16
    1a0e:	81 2f       	mov	r24, r17
    }

    (void)Stepper_MoveToStepsRaw(AXIS_X, xs);
    (void)Stepper_MoveToStepsRaw(AXIS_Y, ys);
    return true;
}
    1a10:	0f 90       	pop	r0
    1a12:	0f 90       	pop	r0
    1a14:	0f 90       	pop	r0
    1a16:	0f 90       	pop	r0
    1a18:	df 91       	pop	r29
    1a1a:	cf 91       	pop	r28
    1a1c:	1f 91       	pop	r17
    1a1e:	0f 91       	pop	r16
    1a20:	08 95       	ret

00001a22 <Stepper_StepRaw>:
    1a22:	82 30       	cpi	r24, 0x02	; 2
    return (s_axis[axis].status == STEPPER_RUNNING);
}

void Stepper_StepRaw(AxisId axis, StepDir dir)
{
    if ((uint8_t)axis >= (uint8_t)AXIS_COUNT) {
    1a24:	10 f4       	brcc	.+4      	; 0x1a2a <Stepper_StepRaw+0x8>
        return;
    }
    if (dir == STEP_DIR_NONE) {
    1a26:	61 11       	cpse	r22, r1
        return;
    }
    Stepper_AdvancePhase(axis, dir);
    1a28:	0f ce       	rjmp	.-994    	; 0x1648 <Stepper_AdvancePhase>
    1a2a:	08 95       	ret

00001a2c <Stepper_Stop>:

void Stepper_Stop(AxisId axis)
{
    StepperAxis *ax;

    if ((uint8_t)axis >= (uint8_t)AXIS_COUNT) {
    1a2c:	82 30       	cpi	r24, 0x02	; 2
    1a2e:	98 f4       	brcc	.+38     	; 0x1a56 <Stepper_Stop+0x2a>
        return;
    }

    ax = &s_axis[axis];
    1a30:	90 e0       	ldi	r25, 0x00	; 0
    ax->status       = STEPPER_IDLE;
    1a32:	fc 01       	movw	r30, r24
    1a34:	ee 0f       	add	r30, r30
    1a36:	ff 1f       	adc	r31, r31
    1a38:	88 0f       	add	r24, r24
    1a3a:	99 1f       	adc	r25, r25
    1a3c:	88 0f       	add	r24, r24
    1a3e:	99 1f       	adc	r25, r25
    1a40:	88 0f       	add	r24, r24
    1a42:	99 1f       	adc	r25, r25
    1a44:	e8 0f       	add	r30, r24
    1a46:	f9 1f       	adc	r31, r25
    1a48:	e9 5e       	subi	r30, 0xE9	; 233
    1a4a:	fd 4f       	sbci	r31, 0xFD	; 253
    1a4c:	15 82       	std	Z+5, r1	; 0x05
    ax->target_steps = ax->cur_steps;
    1a4e:	80 81       	ld	r24, Z
    1a50:	91 81       	ldd	r25, Z+1	; 0x01
    1a52:	93 83       	std	Z+3, r25	; 0x03
    1a54:	82 83       	std	Z+2, r24	; 0x02
    1a56:	08 95       	ret

00001a58 <Stepper_ZeroAt>:

void Stepper_ZeroAt(AxisId axis, int16_t steps)
{
    StepperAxis *ax;

    if ((uint8_t)axis >= (uint8_t)AXIS_COUNT) {
    1a58:	82 30       	cpi	r24, 0x02	; 2
    1a5a:	98 f4       	brcc	.+38     	; 0x1a82 <Stepper_ZeroAt+0x2a>
        return;
    }

    ax = &s_axis[axis];
    1a5c:	90 e0       	ldi	r25, 0x00	; 0
    ax->cur_steps    = steps;
    1a5e:	fc 01       	movw	r30, r24
    1a60:	ee 0f       	add	r30, r30
    1a62:	ff 1f       	adc	r31, r31
    1a64:	88 0f       	add	r24, r24
    1a66:	99 1f       	adc	r25, r25
    1a68:	88 0f       	add	r24, r24
    1a6a:	99 1f       	adc	r25, r25
    1a6c:	88 0f       	add	r24, r24
    1a6e:	99 1f       	adc	r25, r25
    1a70:	e8 0f       	add	r30, r24
    1a72:	f9 1f       	adc	r31, r25
    1a74:	e9 5e       	subi	r30, 0xE9	; 233
    1a76:	fd 4f       	sbci	r31, 0xFD	; 253
    1a78:	71 83       	std	Z+1, r23	; 0x01
    1a7a:	60 83       	st	Z, r22
    ax->target_steps = steps;
    1a7c:	73 83       	std	Z+3, r23	; 0x03
    1a7e:	62 83       	std	Z+2, r22	; 0x02
    ax->status       = STEPPER_IDLE;
    1a80:	15 82       	std	Z+5, r1	; 0x05
    1a82:	08 95       	ret

00001a84 <Stepper_Release>:
}

void Stepper_Release(AxisId axis)
{
    1a84:	cf 93       	push	r28
    if ((uint8_t)axis >= (uint8_t)AXIS_COUNT) {
    1a86:	82 30       	cpi	r24, 0x02	; 2
    1a88:	98 f4       	brcc	.+38     	; 0x1ab0 <Stepper_Release+0x2c>
    1a8a:	c8 2f       	mov	r28, r24
        return;
    }
    Stepper_WritePhase(axis, 0x00U);
    1a8c:	60 e0       	ldi	r22, 0x00	; 0
    1a8e:	a2 dd       	rcall	.-1212   	; 0x15d4 <Stepper_WritePhase>
    s_axis[axis].status = STEPPER_IDLE;
    1a90:	8c 2f       	mov	r24, r28
    1a92:	90 e0       	ldi	r25, 0x00	; 0
    1a94:	fc 01       	movw	r30, r24
    1a96:	ee 0f       	add	r30, r30
    1a98:	ff 1f       	adc	r31, r31
    1a9a:	88 0f       	add	r24, r24
    1a9c:	99 1f       	adc	r25, r25
    1a9e:	88 0f       	add	r24, r24
    1aa0:	99 1f       	adc	r25, r25
    1aa2:	88 0f       	add	r24, r24
    1aa4:	99 1f       	adc	r25, r25
    1aa6:	e8 0f       	add	r30, r24
    1aa8:	f9 1f       	adc	r31, r25
    1aaa:	e9 5e       	subi	r30, 0xE9	; 233
    1aac:	fd 4f       	sbci	r31, 0xFD	; 253
    1aae:	15 82       	std	Z+5, r1	; 0x05
}
    1ab0:	cf 91       	pop	r28
    1ab2:	08 95       	ret

00001ab4 <__vector_15>:
#include <avr/interrupt.h>
#include "config.h"
#include "systick.h"
volatile uint32_t g_tick_ms = 0UL;
ISR(TIMER0_COMP_vect)
{
    1ab4:	1f 92       	push	r1
    1ab6:	0f 92       	push	r0
    1ab8:	0f b6       	in	r0, 0x3f	; 63
    1aba:	0f 92       	push	r0
    1abc:	11 24       	eor	r1, r1
    1abe:	8f 93       	push	r24
    1ac0:	9f 93       	push	r25
    1ac2:	af 93       	push	r26
    1ac4:	bf 93       	push	r27
    ++g_tick_ms;
    1ac6:	80 91 2b 02 	lds	r24, 0x022B	; 0x80022b <g_tick_ms>
    1aca:	90 91 2c 02 	lds	r25, 0x022C	; 0x80022c <g_tick_ms+0x1>
    1ace:	a0 91 2d 02 	lds	r26, 0x022D	; 0x80022d <g_tick_ms+0x2>
    1ad2:	b0 91 2e 02 	lds	r27, 0x022E	; 0x80022e <g_tick_ms+0x3>
    1ad6:	01 96       	adiw	r24, 0x01	; 1
    1ad8:	a1 1d       	adc	r26, r1
    1ada:	b1 1d       	adc	r27, r1
    1adc:	80 93 2b 02 	sts	0x022B, r24	; 0x80022b <g_tick_ms>
    1ae0:	90 93 2c 02 	sts	0x022C, r25	; 0x80022c <g_tick_ms+0x1>
    1ae4:	a0 93 2d 02 	sts	0x022D, r26	; 0x80022d <g_tick_ms+0x2>
    1ae8:	b0 93 2e 02 	sts	0x022E, r27	; 0x80022e <g_tick_ms+0x3>
}
    1aec:	bf 91       	pop	r27
    1aee:	af 91       	pop	r26
    1af0:	9f 91       	pop	r25
    1af2:	8f 91       	pop	r24
    1af4:	0f 90       	pop	r0
    1af6:	0f be       	out	0x3f, r0	; 63
    1af8:	0f 90       	pop	r0
    1afa:	1f 90       	pop	r1
    1afc:	18 95       	reti

00001afe <Systick_Init>:
void Systick_Init(void)
{
	TCNT0  = 0; //카운터 리셋
    1afe:	12 be       	out	0x32, r1	; 50
    TCCR0 = (1U << WGM01) | (1U << CS02); //CTC모드, 64분주(CS02:0:0=100) 설정 — [통합 B-1 수정]
    1b00:	8c e0       	ldi	r24, 0x0C	; 12
    1b02:	83 bf       	out	0x33, r24	; 51
    OCR0 = (uint8_t)SYSTICK_OCR0; //249
    1b04:	89 ef       	ldi	r24, 0xF9	; 249
    1b06:	81 bf       	out	0x31, r24	; 49
    TIMSK |= (1U << OCIE0);
    1b08:	87 b7       	in	r24, 0x37	; 55
    1b0a:	82 60       	ori	r24, 0x02	; 2
    1b0c:	87 bf       	out	0x37, r24	; 55
    1b0e:	08 95       	ret

00001b10 <Systick_Now>:
uint32_t Systick_Now(void) //현재 시간
{
	//8비트 MCU에서 32비트 변수 읽기(데이터 깨짐 현상 방지)
	
    uint32_t value;
    uint8_t sreg = SREG; //현재 인터럽트 상태 저장
    1b10:	2f b7       	in	r18, 0x3f	; 63
    cli();	//전역 인터럽트 차단
    1b12:	f8 94       	cli
    value = g_tick_ms;	//안전하게 변수 복사
    1b14:	60 91 2b 02 	lds	r22, 0x022B	; 0x80022b <g_tick_ms>
    1b18:	70 91 2c 02 	lds	r23, 0x022C	; 0x80022c <g_tick_ms+0x1>
    1b1c:	80 91 2d 02 	lds	r24, 0x022D	; 0x80022d <g_tick_ms+0x2>
    1b20:	90 91 2e 02 	lds	r25, 0x022E	; 0x80022e <g_tick_ms+0x3>
    SREG = sreg;	//이전 인터럽트 상태 복원
    1b24:	2f bf       	out	0x3f, r18	; 63
    return value;	//복사 값 반환
}
    1b26:	08 95       	ret

00001b28 <Systick_Elapsed>:
//since 로부터 ms 경과했는지
bool Systick_Elapsed(uint32_t since, uint32_t ms) //기준 시간, 기다리고 싶은 ms
{
    1b28:	8f 92       	push	r8
    1b2a:	9f 92       	push	r9
    1b2c:	af 92       	push	r10
    1b2e:	bf 92       	push	r11
    1b30:	cf 92       	push	r12
    1b32:	df 92       	push	r13
    1b34:	ef 92       	push	r14
    1b36:	ff 92       	push	r15
    1b38:	4b 01       	movw	r8, r22
    1b3a:	5c 01       	movw	r10, r24
    1b3c:	69 01       	movw	r12, r18
    1b3e:	7a 01       	movw	r14, r20
    return (uint32_t)(Systick_Now() - since) >= ms;
    1b40:	e7 df       	rcall	.-50     	; 0x1b10 <Systick_Now>
    1b42:	dc 01       	movw	r26, r24
    1b44:	cb 01       	movw	r24, r22
    1b46:	88 19       	sub	r24, r8
    1b48:	99 09       	sbc	r25, r9
    1b4a:	aa 09       	sbc	r26, r10
    1b4c:	bb 09       	sbc	r27, r11
    1b4e:	21 e0       	ldi	r18, 0x01	; 1
    1b50:	8c 15       	cp	r24, r12
    1b52:	9d 05       	cpc	r25, r13
    1b54:	ae 05       	cpc	r26, r14
    1b56:	bf 05       	cpc	r27, r15
    1b58:	08 f4       	brcc	.+2      	; 0x1b5c <Systick_Elapsed+0x34>
    1b5a:	20 e0       	ldi	r18, 0x00	; 0
}
    1b5c:	82 2f       	mov	r24, r18
    1b5e:	ff 90       	pop	r15
    1b60:	ef 90       	pop	r14
    1b62:	df 90       	pop	r13
    1b64:	cf 90       	pop	r12
    1b66:	bf 90       	pop	r11
    1b68:	af 90       	pop	r10
    1b6a:	9f 90       	pop	r9
    1b6c:	8f 90       	pop	r8
    1b6e:	08 95       	ret

00001b70 <Uart_RxCount>:
static volatile uint8_t s_tx_tail = 0;

// 현재 RX 링버퍼에 들어 있는 데이터 개수.
static uint8_t Uart_RxCount(void)
{
    return (uint8_t)((s_rx_head - s_rx_tail) & RX_MASK);
    1b70:	80 91 b2 02 	lds	r24, 0x02B2	; 0x8002b2 <s_rx_head>
    1b74:	90 91 b1 02 	lds	r25, 0x02B1	; 0x8002b1 <s_rx_tail>
    1b78:	89 1b       	sub	r24, r25
}
    1b7a:	8f 77       	andi	r24, 0x7F	; 127
    1b7c:	08 95       	ret

00001b7e <Uart_TxCount>:

//현재 TX 링버퍼에 들어 있는 데이터 개수
static uint8_t Uart_TxCount(void)
{
    return (uint8_t)((s_tx_head - s_tx_tail) & TX_MASK);
    1b7e:	80 91 30 02 	lds	r24, 0x0230	; 0x800230 <s_tx_head>
    1b82:	90 91 2f 02 	lds	r25, 0x022F	; 0x80022f <s_tx_tail>
    1b86:	89 1b       	sub	r24, r25
}
    1b88:	8f 77       	andi	r24, 0x7F	; 127
    1b8a:	08 95       	ret

00001b8c <Uart_Init>:

void Uart_Init(void)
{
    uint16_t ubrr = (uint16_t)UART_UBRR_VALUE;

    s_rx_head = 0; //링버퍼 초기화
    1b8c:	10 92 b2 02 	sts	0x02B2, r1	; 0x8002b2 <s_rx_head>
    s_rx_tail = 0;
    1b90:	10 92 b1 02 	sts	0x02B1, r1	; 0x8002b1 <s_rx_tail>
    s_tx_head = 0;
    1b94:	10 92 30 02 	sts	0x0230, r1	; 0x800230 <s_tx_head>
    s_tx_tail = 0;
    1b98:	10 92 2f 02 	sts	0x022F, r1	; 0x80022f <s_tx_tail>

    UBRR0H = (uint8_t)(ubrr >> 8); //Baud Rate 설정
    1b9c:	10 92 90 00 	sts	0x0090, r1	; 0x800090 <__TEXT_REGION_LENGTH__+0x7e0090>
    UBRR0L = (uint8_t)(ubrr & 0xFFU);
    1ba0:	87 e6       	ldi	r24, 0x67	; 103
    1ba2:	89 b9       	out	0x09, r24	; 9

    UCSR0A = 0x00;
    1ba4:	1b b8       	out	0x0b, r1	; 11

    //8-bit data, No parity, 1 stop bit
    UCSR0C = (1U << UCSZ01) | (1U << UCSZ00);
    1ba6:	86 e0       	ldi	r24, 0x06	; 6
    1ba8:	80 93 95 00 	sts	0x0095, r24	; 0x800095 <__TEXT_REGION_LENGTH__+0x7e0095>
    UCSR0B = (1U << RXEN0) | (1U << TXEN0) | (1U << RXCIE0);
    1bac:	88 e9       	ldi	r24, 0x98	; 152
    1bae:	8a b9       	out	0x0a, r24	; 10
    1bb0:	08 95       	ret

00001bb2 <__vector_18>:
}

// UART에서 1바이트가 수신될 때마다 호출
ISR(USART0_RX_vect)
{
    1bb2:	1f 92       	push	r1
    1bb4:	0f 92       	push	r0
    1bb6:	0f b6       	in	r0, 0x3f	; 63
    1bb8:	0f 92       	push	r0
    1bba:	11 24       	eor	r1, r1
    1bbc:	0b b6       	in	r0, 0x3b	; 59
    1bbe:	0f 92       	push	r0
    1bc0:	2f 93       	push	r18
    1bc2:	8f 93       	push	r24
    1bc4:	9f 93       	push	r25
    1bc6:	ef 93       	push	r30
    1bc8:	ff 93       	push	r31
    uint8_t data;
    uint8_t next;

    data = UDR0;				//반드시 UDR0을 읽어 수신 데이터를 가져옴
    1bca:	2c b1       	in	r18, 0x0c	; 12

    next = (uint8_t)((s_rx_head + 1U) & RX_MASK);	//다음 head 위치 계산
    1bcc:	80 91 b2 02 	lds	r24, 0x02B2	; 0x8002b2 <s_rx_head>
    1bd0:	8f 5f       	subi	r24, 0xFF	; 255
    1bd2:	8f 77       	andi	r24, 0x7F	; 127

    if (next != s_rx_tail) {			//공간이 있는 경우에만 저장
    1bd4:	90 91 b1 02 	lds	r25, 0x02B1	; 0x8002b1 <s_rx_tail>
    1bd8:	89 17       	cp	r24, r25
    1bda:	41 f0       	breq	.+16     	; 0x1bec <__vector_18+0x3a>
        s_rx_buf[s_rx_head] = data;
    1bdc:	e0 91 b2 02 	lds	r30, 0x02B2	; 0x8002b2 <s_rx_head>
    1be0:	f0 e0       	ldi	r31, 0x00	; 0
    1be2:	ed 54       	subi	r30, 0x4D	; 77
    1be4:	fd 4f       	sbci	r31, 0xFD	; 253
    1be6:	20 83       	st	Z, r18
        s_rx_head = next;
    1be8:	80 93 b2 02 	sts	0x02B2, r24	; 0x8002b2 <s_rx_head>
    }
}
    1bec:	ff 91       	pop	r31
    1bee:	ef 91       	pop	r30
    1bf0:	9f 91       	pop	r25
    1bf2:	8f 91       	pop	r24
    1bf4:	2f 91       	pop	r18
    1bf6:	0f 90       	pop	r0
    1bf8:	0b be       	out	0x3b, r0	; 59
    1bfa:	0f 90       	pop	r0
    1bfc:	0f be       	out	0x3f, r0	; 63
    1bfe:	0f 90       	pop	r0
    1c00:	1f 90       	pop	r1
    1c02:	18 95       	reti

00001c04 <__vector_19>:


// UDR0이 비어 있고 UDRE 인터럽트가 활성화되어 있으면 호출
ISR(USART0_UDRE_vect)
{
    1c04:	1f 92       	push	r1
    1c06:	0f 92       	push	r0
    1c08:	0f b6       	in	r0, 0x3f	; 63
    1c0a:	0f 92       	push	r0
    1c0c:	11 24       	eor	r1, r1
    1c0e:	0b b6       	in	r0, 0x3b	; 59
    1c10:	0f 92       	push	r0
    1c12:	8f 93       	push	r24
    1c14:	9f 93       	push	r25
    1c16:	ef 93       	push	r30
    1c18:	ff 93       	push	r31
    if (s_tx_tail != s_tx_head) {		//전송할 데이터가 있는 경우
    1c1a:	90 91 2f 02 	lds	r25, 0x022F	; 0x80022f <s_tx_tail>
    1c1e:	80 91 30 02 	lds	r24, 0x0230	; 0x800230 <s_tx_head>
    1c22:	98 17       	cp	r25, r24
    1c24:	71 f0       	breq	.+28     	; 0x1c42 <__vector_19+0x3e>
        UDR0 = s_tx_buf[s_tx_tail];		//링버퍼에서 1바이트 꺼내 UART로 전송
    1c26:	e0 91 2f 02 	lds	r30, 0x022F	; 0x80022f <s_tx_tail>
    1c2a:	f0 e0       	ldi	r31, 0x00	; 0
    1c2c:	ef 5c       	subi	r30, 0xCF	; 207
    1c2e:	fd 4f       	sbci	r31, 0xFD	; 253
    1c30:	80 81       	ld	r24, Z
    1c32:	8c b9       	out	0x0c, r24	; 12
        s_tx_tail = (uint8_t)((s_tx_tail + 1U) & TX_MASK);	//TX tail 이동
    1c34:	80 91 2f 02 	lds	r24, 0x022F	; 0x80022f <s_tx_tail>
    1c38:	8f 5f       	subi	r24, 0xFF	; 255
    1c3a:	8f 77       	andi	r24, 0x7F	; 127
    1c3c:	80 93 2f 02 	sts	0x022F, r24	; 0x80022f <s_tx_tail>
    1c40:	03 c0       	rjmp	.+6      	; 0x1c48 <__vector_19+0x44>
    } else {
        //전송할 데이터가 없으면 UDRE 인터럽트를 비활성화
        UCSR0B &= (uint8_t)~(1U << UDRIE0);
    1c42:	8a b1       	in	r24, 0x0a	; 10
    1c44:	8f 7d       	andi	r24, 0xDF	; 223
    1c46:	8a b9       	out	0x0a, r24	; 10
    }
}
    1c48:	ff 91       	pop	r31
    1c4a:	ef 91       	pop	r30
    1c4c:	9f 91       	pop	r25
    1c4e:	8f 91       	pop	r24
    1c50:	0f 90       	pop	r0
    1c52:	0b be       	out	0x3b, r0	; 59
    1c54:	0f 90       	pop	r0
    1c56:	0f be       	out	0x3f, r0	; 63
    1c58:	0f 90       	pop	r0
    1c5a:	1f 90       	pop	r1
    1c5c:	18 95       	reti

00001c5e <Uart_ReadLine>:

//RX 링버퍼에서 LF가 포함된 한 줄 수신
bool Uart_ReadLine(char *dst, uint8_t cap)
{
    1c5e:	1f 93       	push	r17
    1c60:	cf 93       	push	r28
    1c62:	df 93       	push	r29
    uint8_t idx;
    uint8_t content_len;
    uint8_t copy_len;
    uint8_t i;

    if (dst == 0 || cap == 0U) return false; //출력 버퍼가 없거나 크기 0
    1c64:	00 97       	sbiw	r24, 0x00	; 0
    1c66:	09 f4       	brne	.+2      	; 0x1c6a <Uart_ReadLine+0xc>
    1c68:	5a c0       	rjmp	.+180    	; 0x1d1e <Uart_ReadLine+0xc0>
    1c6a:	66 23       	and	r22, r22
    1c6c:	09 f4       	brne	.+2      	; 0x1c70 <Uart_ReadLine+0x12>
    1c6e:	59 c0       	rjmp	.+178    	; 0x1d22 <Uart_ReadLine+0xc4>
    1c70:	16 2f       	mov	r17, r22
    1c72:	ec 01       	movw	r28, r24

    count = Uart_RxCount(); //현재 RX 데이터 개수 확인
    1c74:	7d df       	rcall	.-262    	; 0x1b70 <Uart_RxCount>
    if (count == 0U) return false; //데이터가 하나도 없으면 바로 종료
    1c76:	88 23       	and	r24, r24
    1c78:	09 f4       	brne	.+2      	; 0x1c7c <Uart_ReadLine+0x1e>
    1c7a:	55 c0       	rjmp	.+170    	; 0x1d26 <Uart_ReadLine+0xc8>
    1c7c:	90 e0       	ldi	r25, 0x00	; 0
    1c7e:	0b c0       	rjmp	.+22     	; 0x1c96 <Uart_ReadLine+0x38>

    //LF 탐색 — 이 단계에서는 s_rx_tail을 변경하지 않음
    for (idx = 0U; idx < count; ++idx) {
        uint8_t pos = (uint8_t)((s_rx_tail + idx) & RX_MASK);
    1c80:	e0 91 b1 02 	lds	r30, 0x02B1	; 0x8002b1 <s_rx_tail>
    1c84:	e9 0f       	add	r30, r25
    1c86:	ef 77       	andi	r30, 0x7F	; 127
        if (s_rx_buf[pos] == FRAME_TERM_LF) break;
    1c88:	f0 e0       	ldi	r31, 0x00	; 0
    1c8a:	ed 54       	subi	r30, 0x4D	; 77
    1c8c:	fd 4f       	sbci	r31, 0xFD	; 253
    1c8e:	20 81       	ld	r18, Z
    1c90:	2a 30       	cpi	r18, 0x0A	; 10
    1c92:	19 f0       	breq	.+6      	; 0x1c9a <Uart_ReadLine+0x3c>

    count = Uart_RxCount(); //현재 RX 데이터 개수 확인
    if (count == 0U) return false; //데이터가 하나도 없으면 바로 종료

    //LF 탐색 — 이 단계에서는 s_rx_tail을 변경하지 않음
    for (idx = 0U; idx < count; ++idx) {
    1c94:	9f 5f       	subi	r25, 0xFF	; 255
    1c96:	98 17       	cp	r25, r24
    1c98:	98 f3       	brcs	.-26     	; 0x1c80 <Uart_ReadLine+0x22>
        uint8_t pos = (uint8_t)((s_rx_tail + idx) & RX_MASK);
        if (s_rx_buf[pos] == FRAME_TERM_LF) break;
    }

    if (idx == count) {
    1c9a:	98 13       	cpse	r25, r24
    1c9c:	0c c0       	rjmp	.+24     	; 0x1cb6 <Uart_ReadLine+0x58>
        //LF가 없는 경우 - 현재 버퍼의 모든 데이터를 폐기하고 다음 수신 데이터부터 새로운 프레임으로 시작
        if (count == RX_MASK) {
    1c9e:	8f 37       	cpi	r24, 0x7F	; 127
    1ca0:	09 f0       	breq	.+2      	; 0x1ca4 <Uart_ReadLine+0x46>
    1ca2:	43 c0       	rjmp	.+134    	; 0x1d2a <Uart_ReadLine+0xcc>
            uint8_t sreg = SREG;
    1ca4:	8f b7       	in	r24, 0x3f	; 63

            //head가 ISR에서 변경되는 순간과 겹치지 않도록
            cli();
    1ca6:	f8 94       	cli
            s_rx_tail = s_rx_head;
    1ca8:	90 91 b2 02 	lds	r25, 0x02B2	; 0x8002b2 <s_rx_head>
    1cac:	90 93 b1 02 	sts	0x02B1, r25	; 0x8002b1 <s_rx_tail>
            SREG = sreg;
    1cb0:	8f bf       	out	0x3f, r24	; 63
        }
        return false;
    1cb2:	80 e0       	ldi	r24, 0x00	; 0
    1cb4:	3b c0       	rjmp	.+118    	; 0x1d2c <Uart_ReadLine+0xce>
    }

    content_len = idx;

    //CRLF 처리 — LF 바로 앞에 있는 CR만 제거
    if (content_len > 0U) {
    1cb6:	99 23       	and	r25, r25
    1cb8:	71 f0       	breq	.+28     	; 0x1cd6 <Uart_ReadLine+0x78>
        uint8_t last_pos = (uint8_t)((s_rx_tail + content_len - 1U) & RX_MASK);
    1cba:	e0 91 b1 02 	lds	r30, 0x02B1	; 0x8002b1 <s_rx_tail>
    1cbe:	e9 0f       	add	r30, r25
    1cc0:	e1 50       	subi	r30, 0x01	; 1
    1cc2:	ef 77       	andi	r30, 0x7F	; 127
        if (s_rx_buf[last_pos] == FRAME_TERM_CR) --content_len;
    1cc4:	f0 e0       	ldi	r31, 0x00	; 0
    1cc6:	ed 54       	subi	r30, 0x4D	; 77
    1cc8:	fd 4f       	sbci	r31, 0xFD	; 253
    1cca:	80 81       	ld	r24, Z
    1ccc:	8d 30       	cpi	r24, 0x0D	; 13
    1cce:	29 f4       	brne	.+10     	; 0x1cda <Uart_ReadLine+0x7c>
    1cd0:	3f ef       	ldi	r19, 0xFF	; 255
    1cd2:	39 0f       	add	r19, r25
    1cd4:	03 c0       	rjmp	.+6      	; 0x1cdc <Uart_ReadLine+0x7e>
            SREG = sreg;
        }
        return false;
    }

    content_len = idx;
    1cd6:	39 2f       	mov	r19, r25
    1cd8:	01 c0       	rjmp	.+2      	; 0x1cdc <Uart_ReadLine+0x7e>
    1cda:	39 2f       	mov	r19, r25
        if (s_rx_buf[last_pos] == FRAME_TERM_CR) --content_len;
    }

    //복사할 데이터 길이 결정
    copy_len = content_len;
    if (copy_len >= cap) copy_len = (uint8_t)(cap - 1U);
    1cdc:	31 17       	cp	r19, r17
    1cde:	10 f0       	brcs	.+4      	; 0x1ce4 <Uart_ReadLine+0x86>
    1ce0:	3f ef       	ldi	r19, 0xFF	; 255
    1ce2:	31 0f       	add	r19, r17

    //문자열 복사
    for (i = 0U; i < copy_len; ++i) {
    1ce4:	80 e0       	ldi	r24, 0x00	; 0
    1ce6:	0d c0       	rjmp	.+26     	; 0x1d02 <Uart_ReadLine+0xa4>
        uint8_t pos = (uint8_t)((s_rx_tail + i) & RX_MASK);
    1ce8:	e0 91 b1 02 	lds	r30, 0x02B1	; 0x8002b1 <s_rx_tail>
    1cec:	e8 0f       	add	r30, r24
    1cee:	ef 77       	andi	r30, 0x7F	; 127
        dst[i] = (char)s_rx_buf[pos];
    1cf0:	de 01       	movw	r26, r28
    1cf2:	a8 0f       	add	r26, r24
    1cf4:	b1 1d       	adc	r27, r1
    1cf6:	f0 e0       	ldi	r31, 0x00	; 0
    1cf8:	ed 54       	subi	r30, 0x4D	; 77
    1cfa:	fd 4f       	sbci	r31, 0xFD	; 253
    1cfc:	20 81       	ld	r18, Z
    1cfe:	2c 93       	st	X, r18
    //복사할 데이터 길이 결정
    copy_len = content_len;
    if (copy_len >= cap) copy_len = (uint8_t)(cap - 1U);

    //문자열 복사
    for (i = 0U; i < copy_len; ++i) {
    1d00:	8f 5f       	subi	r24, 0xFF	; 255
    1d02:	83 17       	cp	r24, r19
    1d04:	88 f3       	brcs	.-30     	; 0x1ce8 <Uart_ReadLine+0x8a>
        uint8_t pos = (uint8_t)((s_rx_tail + i) & RX_MASK);
        dst[i] = (char)s_rx_buf[pos];
    }
    dst[copy_len] = '\0'; //문자열 NULL 종료
    1d06:	c3 0f       	add	r28, r19
    1d08:	d1 1d       	adc	r29, r1
    1d0a:	18 82       	st	Y, r1

    //라인 전체 소비
    s_rx_tail = (uint8_t)((s_rx_tail + idx + 1U) & RX_MASK);
    1d0c:	80 91 b1 02 	lds	r24, 0x02B1	; 0x8002b1 <s_rx_tail>
    1d10:	98 0f       	add	r25, r24
    1d12:	9f 5f       	subi	r25, 0xFF	; 255
    1d14:	9f 77       	andi	r25, 0x7F	; 127
    1d16:	90 93 b1 02 	sts	0x02B1, r25	; 0x8002b1 <s_rx_tail>

    return true;
    1d1a:	81 e0       	ldi	r24, 0x01	; 1
    1d1c:	07 c0       	rjmp	.+14     	; 0x1d2c <Uart_ReadLine+0xce>
    uint8_t idx;
    uint8_t content_len;
    uint8_t copy_len;
    uint8_t i;

    if (dst == 0 || cap == 0U) return false; //출력 버퍼가 없거나 크기 0
    1d1e:	80 e0       	ldi	r24, 0x00	; 0
    1d20:	05 c0       	rjmp	.+10     	; 0x1d2c <Uart_ReadLine+0xce>
    1d22:	80 e0       	ldi	r24, 0x00	; 0
    1d24:	03 c0       	rjmp	.+6      	; 0x1d2c <Uart_ReadLine+0xce>

    count = Uart_RxCount(); //현재 RX 데이터 개수 확인
    if (count == 0U) return false; //데이터가 하나도 없으면 바로 종료
    1d26:	80 e0       	ldi	r24, 0x00	; 0
    1d28:	01 c0       	rjmp	.+2      	; 0x1d2c <Uart_ReadLine+0xce>
            //head가 ISR에서 변경되는 순간과 겹치지 않도록
            cli();
            s_rx_tail = s_rx_head;
            SREG = sreg;
        }
        return false;
    1d2a:	80 e0       	ldi	r24, 0x00	; 0

    //라인 전체 소비
    s_rx_tail = (uint8_t)((s_rx_tail + idx + 1U) & RX_MASK);

    return true;
}
    1d2c:	df 91       	pop	r29
    1d2e:	cf 91       	pop	r28
    1d30:	1f 91       	pop	r17
    1d32:	08 95       	ret

00001d34 <Uart_WriteLine>:

//한 줄 송신 - 문자열을 TX 링버퍼에 저장하고 마지막에 LF를 추가
void Uart_WriteLine(const char *src)
{
    1d34:	0f 93       	push	r16
    1d36:	1f 93       	push	r17
    1d38:	cf 93       	push	r28
    1d3a:	df 93       	push	r29
    uint8_t required;
    uint8_t free_space;
    uint8_t local_head;
    uint8_t i;

    if (src == 0) return; //NULL 방어
    1d3c:	00 97       	sbiw	r24, 0x00	; 0
    1d3e:	a9 f1       	breq	.+106    	; 0x1daa <Uart_WriteLine+0x76>

    raw_len = strlen(src);
    1d40:	fc 01       	movw	r30, r24
    1d42:	01 90       	ld	r0, Z+
    1d44:	00 20       	and	r0, r0
    1d46:	e9 f7       	brne	.-6      	; 0x1d42 <Uart_WriteLine+0xe>
    1d48:	31 97       	sbiw	r30, 0x01	; 1
    1d4a:	e8 1b       	sub	r30, r24
    1d4c:	f9 0b       	sbc	r31, r25
    if (raw_len >= (size_t)UART_TX_RING_SIZE) return;
    1d4e:	e0 38       	cpi	r30, 0x80	; 128
    1d50:	f1 05       	cpc	r31, r1
    1d52:	58 f5       	brcc	.+86     	; 0x1daa <Uart_WriteLine+0x76>
    1d54:	8c 01       	movw	r16, r24
    len = (uint8_t)raw_len;
    1d56:	de 2f       	mov	r29, r30

    required = (uint8_t)(len + 1U); //LF까지 포함한 실제 필요한 공간
    1d58:	c1 e0       	ldi	r28, 0x01	; 1
    1d5a:	ce 0f       	add	r28, r30

    //TX 링버퍼의 현재 사용량을 기준으로 남은 공간 계산
    free_space = (uint8_t)(TX_MASK - Uart_TxCount());
    1d5c:	10 df       	rcall	.-480    	; 0x1b7e <Uart_TxCount>
    1d5e:	9f e7       	ldi	r25, 0x7F	; 127
    1d60:	98 1b       	sub	r25, r24

    //프레임 전체가 들어갈 공간이 없으면 아무것도 저장하지 않음
    if (required > free_space) return;
    1d62:	9c 17       	cp	r25, r28
    1d64:	10 f1       	brcs	.+68     	; 0x1daa <Uart_WriteLine+0x76>

    sreg = SREG; //현재 인터럽트 상태 저장
    1d66:	3f b7       	in	r19, 0x3f	; 63
    cli();
    1d68:	f8 94       	cli

    //현재 head를 로컬 변수에 복사
    local_head = s_tx_head;
    1d6a:	90 91 30 02 	lds	r25, 0x0230	; 0x800230 <s_tx_head>

    //문자열 저장
    for (i = 0U; i < len; ++i) {
    1d6e:	20 e0       	ldi	r18, 0x00	; 0
    1d70:	0c c0       	rjmp	.+24     	; 0x1d8a <Uart_WriteLine+0x56>
        s_tx_buf[local_head] = (uint8_t)src[i];
    1d72:	e9 2f       	mov	r30, r25
    1d74:	f0 e0       	ldi	r31, 0x00	; 0
    1d76:	d8 01       	movw	r26, r16
    1d78:	a2 0f       	add	r26, r18
    1d7a:	b1 1d       	adc	r27, r1
    1d7c:	8c 91       	ld	r24, X
    1d7e:	ef 5c       	subi	r30, 0xCF	; 207
    1d80:	fd 4f       	sbci	r31, 0xFD	; 253
    1d82:	80 83       	st	Z, r24
        local_head = (uint8_t)((local_head + 1U) & TX_MASK);
    1d84:	9f 5f       	subi	r25, 0xFF	; 255
    1d86:	9f 77       	andi	r25, 0x7F	; 127

    //현재 head를 로컬 변수에 복사
    local_head = s_tx_head;

    //문자열 저장
    for (i = 0U; i < len; ++i) {
    1d88:	2f 5f       	subi	r18, 0xFF	; 255
    1d8a:	2d 17       	cp	r18, r29
    1d8c:	90 f3       	brcs	.-28     	; 0x1d72 <Uart_WriteLine+0x3e>
        s_tx_buf[local_head] = (uint8_t)src[i];
        local_head = (uint8_t)((local_head + 1U) & TX_MASK);
    }

    //LF 저장
    s_tx_buf[local_head] = (uint8_t)FRAME_TERM_LF;
    1d8e:	e9 2f       	mov	r30, r25
    1d90:	f0 e0       	ldi	r31, 0x00	; 0
    1d92:	ef 5c       	subi	r30, 0xCF	; 207
    1d94:	fd 4f       	sbci	r31, 0xFD	; 253
    1d96:	8a e0       	ldi	r24, 0x0A	; 10
    1d98:	80 83       	st	Z, r24
    local_head = (uint8_t)((local_head + 1U) & TX_MASK);
    1d9a:	9f 5f       	subi	r25, 0xFF	; 255
    1d9c:	9f 77       	andi	r25, 0x7F	; 127

    s_tx_head = local_head; //TX head commit
    1d9e:	90 93 30 02 	sts	0x0230, r25	; 0x800230 <s_tx_head>

    UCSR0B |= (1U << UDRIE0);
    1da2:	8a b1       	in	r24, 0x0a	; 10
    1da4:	80 62       	ori	r24, 0x20	; 32
    1da6:	8a b9       	out	0x0a, r24	; 10

    SREG = sreg; //인터럽트 상태 복원
    1da8:	3f bf       	out	0x3f, r19	; 63
}
    1daa:	df 91       	pop	r29
    1dac:	cf 91       	pop	r28
    1dae:	1f 91       	pop	r17
    1db0:	0f 91       	pop	r16
    1db2:	08 95       	ret

00001db4 <__udivmodsi4>:
    1db4:	a1 e2       	ldi	r26, 0x21	; 33
    1db6:	1a 2e       	mov	r1, r26
    1db8:	aa 1b       	sub	r26, r26
    1dba:	bb 1b       	sub	r27, r27
    1dbc:	fd 01       	movw	r30, r26
    1dbe:	0d c0       	rjmp	.+26     	; 0x1dda <__udivmodsi4_ep>

00001dc0 <__udivmodsi4_loop>:
    1dc0:	aa 1f       	adc	r26, r26
    1dc2:	bb 1f       	adc	r27, r27
    1dc4:	ee 1f       	adc	r30, r30
    1dc6:	ff 1f       	adc	r31, r31
    1dc8:	a2 17       	cp	r26, r18
    1dca:	b3 07       	cpc	r27, r19
    1dcc:	e4 07       	cpc	r30, r20
    1dce:	f5 07       	cpc	r31, r21
    1dd0:	20 f0       	brcs	.+8      	; 0x1dda <__udivmodsi4_ep>
    1dd2:	a2 1b       	sub	r26, r18
    1dd4:	b3 0b       	sbc	r27, r19
    1dd6:	e4 0b       	sbc	r30, r20
    1dd8:	f5 0b       	sbc	r31, r21

00001dda <__udivmodsi4_ep>:
    1dda:	66 1f       	adc	r22, r22
    1ddc:	77 1f       	adc	r23, r23
    1dde:	88 1f       	adc	r24, r24
    1de0:	99 1f       	adc	r25, r25
    1de2:	1a 94       	dec	r1
    1de4:	69 f7       	brne	.-38     	; 0x1dc0 <__udivmodsi4_loop>
    1de6:	60 95       	com	r22
    1de8:	70 95       	com	r23
    1dea:	80 95       	com	r24
    1dec:	90 95       	com	r25
    1dee:	9b 01       	movw	r18, r22
    1df0:	ac 01       	movw	r20, r24
    1df2:	bd 01       	movw	r22, r26
    1df4:	cf 01       	movw	r24, r30
    1df6:	08 95       	ret

00001df8 <__tablejump2__>:
    1df8:	ee 0f       	add	r30, r30
    1dfa:	ff 1f       	adc	r31, r31
    1dfc:	00 24       	eor	r0, r0
    1dfe:	00 1c       	adc	r0, r0
    1e00:	0b be       	out	0x3b, r0	; 59
    1e02:	07 90       	elpm	r0, Z+
    1e04:	f6 91       	elpm	r31, Z
    1e06:	e0 2d       	mov	r30, r0
    1e08:	09 94       	ijmp

00001e0a <__umulhisi3>:
    1e0a:	a2 9f       	mul	r26, r18
    1e0c:	b0 01       	movw	r22, r0
    1e0e:	b3 9f       	mul	r27, r19
    1e10:	c0 01       	movw	r24, r0
    1e12:	a3 9f       	mul	r26, r19
    1e14:	70 0d       	add	r23, r0
    1e16:	81 1d       	adc	r24, r1
    1e18:	11 24       	eor	r1, r1
    1e1a:	91 1d       	adc	r25, r1
    1e1c:	b2 9f       	mul	r27, r18
    1e1e:	70 0d       	add	r23, r0
    1e20:	81 1d       	adc	r24, r1
    1e22:	11 24       	eor	r1, r1
    1e24:	91 1d       	adc	r25, r1
    1e26:	08 95       	ret

00001e28 <memcpy>:
    1e28:	fb 01       	movw	r30, r22
    1e2a:	dc 01       	movw	r26, r24
    1e2c:	02 c0       	rjmp	.+4      	; 0x1e32 <memcpy+0xa>
    1e2e:	01 90       	ld	r0, Z+
    1e30:	0d 92       	st	X+, r0
    1e32:	41 50       	subi	r20, 0x01	; 1
    1e34:	50 40       	sbci	r21, 0x00	; 0
    1e36:	d8 f7       	brcc	.-10     	; 0x1e2e <memcpy+0x6>
    1e38:	08 95       	ret

00001e3a <strcmp>:
    1e3a:	fb 01       	movw	r30, r22
    1e3c:	dc 01       	movw	r26, r24
    1e3e:	8d 91       	ld	r24, X+
    1e40:	01 90       	ld	r0, Z+
    1e42:	80 19       	sub	r24, r0
    1e44:	01 10       	cpse	r0, r1
    1e46:	d9 f3       	breq	.-10     	; 0x1e3e <strcmp+0x4>
    1e48:	99 0b       	sbc	r25, r25
    1e4a:	08 95       	ret

00001e4c <strcpy>:
    1e4c:	fb 01       	movw	r30, r22
    1e4e:	dc 01       	movw	r26, r24
    1e50:	01 90       	ld	r0, Z+
    1e52:	0d 92       	st	X+, r0
    1e54:	00 20       	and	r0, r0
    1e56:	e1 f7       	brne	.-8      	; 0x1e50 <strcpy+0x4>
    1e58:	08 95       	ret

00001e5a <snprintf>:
    1e5a:	0f 93       	push	r16
    1e5c:	1f 93       	push	r17
    1e5e:	cf 93       	push	r28
    1e60:	df 93       	push	r29
    1e62:	cd b7       	in	r28, 0x3d	; 61
    1e64:	de b7       	in	r29, 0x3e	; 62
    1e66:	2e 97       	sbiw	r28, 0x0e	; 14
    1e68:	0f b6       	in	r0, 0x3f	; 63
    1e6a:	f8 94       	cli
    1e6c:	de bf       	out	0x3e, r29	; 62
    1e6e:	0f be       	out	0x3f, r0	; 63
    1e70:	cd bf       	out	0x3d, r28	; 61
    1e72:	0d 89       	ldd	r16, Y+21	; 0x15
    1e74:	1e 89       	ldd	r17, Y+22	; 0x16
    1e76:	8f 89       	ldd	r24, Y+23	; 0x17
    1e78:	98 8d       	ldd	r25, Y+24	; 0x18
    1e7a:	26 e0       	ldi	r18, 0x06	; 6
    1e7c:	2c 83       	std	Y+4, r18	; 0x04
    1e7e:	1a 83       	std	Y+2, r17	; 0x02
    1e80:	09 83       	std	Y+1, r16	; 0x01
    1e82:	97 ff       	sbrs	r25, 7
    1e84:	02 c0       	rjmp	.+4      	; 0x1e8a <snprintf+0x30>
    1e86:	80 e0       	ldi	r24, 0x00	; 0
    1e88:	90 e8       	ldi	r25, 0x80	; 128
    1e8a:	01 97       	sbiw	r24, 0x01	; 1
    1e8c:	9e 83       	std	Y+6, r25	; 0x06
    1e8e:	8d 83       	std	Y+5, r24	; 0x05
    1e90:	ae 01       	movw	r20, r28
    1e92:	45 5e       	subi	r20, 0xE5	; 229
    1e94:	5f 4f       	sbci	r21, 0xFF	; 255
    1e96:	69 8d       	ldd	r22, Y+25	; 0x19
    1e98:	7a 8d       	ldd	r23, Y+26	; 0x1a
    1e9a:	ce 01       	movw	r24, r28
    1e9c:	01 96       	adiw	r24, 0x01	; 1
    1e9e:	19 d0       	rcall	.+50     	; 0x1ed2 <vfprintf>
    1ea0:	4d 81       	ldd	r20, Y+5	; 0x05
    1ea2:	5e 81       	ldd	r21, Y+6	; 0x06
    1ea4:	57 fd       	sbrc	r21, 7
    1ea6:	0a c0       	rjmp	.+20     	; 0x1ebc <snprintf+0x62>
    1ea8:	2f 81       	ldd	r18, Y+7	; 0x07
    1eaa:	38 85       	ldd	r19, Y+8	; 0x08
    1eac:	42 17       	cp	r20, r18
    1eae:	53 07       	cpc	r21, r19
    1eb0:	0c f4       	brge	.+2      	; 0x1eb4 <snprintf+0x5a>
    1eb2:	9a 01       	movw	r18, r20
    1eb4:	f8 01       	movw	r30, r16
    1eb6:	e2 0f       	add	r30, r18
    1eb8:	f3 1f       	adc	r31, r19
    1eba:	10 82       	st	Z, r1
    1ebc:	2e 96       	adiw	r28, 0x0e	; 14
    1ebe:	0f b6       	in	r0, 0x3f	; 63
    1ec0:	f8 94       	cli
    1ec2:	de bf       	out	0x3e, r29	; 62
    1ec4:	0f be       	out	0x3f, r0	; 63
    1ec6:	cd bf       	out	0x3d, r28	; 61
    1ec8:	df 91       	pop	r29
    1eca:	cf 91       	pop	r28
    1ecc:	1f 91       	pop	r17
    1ece:	0f 91       	pop	r16
    1ed0:	08 95       	ret

00001ed2 <vfprintf>:
    1ed2:	2f 92       	push	r2
    1ed4:	3f 92       	push	r3
    1ed6:	4f 92       	push	r4
    1ed8:	5f 92       	push	r5
    1eda:	6f 92       	push	r6
    1edc:	7f 92       	push	r7
    1ede:	8f 92       	push	r8
    1ee0:	9f 92       	push	r9
    1ee2:	af 92       	push	r10
    1ee4:	bf 92       	push	r11
    1ee6:	cf 92       	push	r12
    1ee8:	df 92       	push	r13
    1eea:	ef 92       	push	r14
    1eec:	ff 92       	push	r15
    1eee:	0f 93       	push	r16
    1ef0:	1f 93       	push	r17
    1ef2:	cf 93       	push	r28
    1ef4:	df 93       	push	r29
    1ef6:	cd b7       	in	r28, 0x3d	; 61
    1ef8:	de b7       	in	r29, 0x3e	; 62
    1efa:	2b 97       	sbiw	r28, 0x0b	; 11
    1efc:	0f b6       	in	r0, 0x3f	; 63
    1efe:	f8 94       	cli
    1f00:	de bf       	out	0x3e, r29	; 62
    1f02:	0f be       	out	0x3f, r0	; 63
    1f04:	cd bf       	out	0x3d, r28	; 61
    1f06:	6c 01       	movw	r12, r24
    1f08:	7b 01       	movw	r14, r22
    1f0a:	8a 01       	movw	r16, r20
    1f0c:	fc 01       	movw	r30, r24
    1f0e:	17 82       	std	Z+7, r1	; 0x07
    1f10:	16 82       	std	Z+6, r1	; 0x06
    1f12:	83 81       	ldd	r24, Z+3	; 0x03
    1f14:	81 ff       	sbrs	r24, 1
    1f16:	bf c1       	rjmp	.+894    	; 0x2296 <vfprintf+0x3c4>
    1f18:	ce 01       	movw	r24, r28
    1f1a:	01 96       	adiw	r24, 0x01	; 1
    1f1c:	3c 01       	movw	r6, r24
    1f1e:	f6 01       	movw	r30, r12
    1f20:	93 81       	ldd	r25, Z+3	; 0x03
    1f22:	f7 01       	movw	r30, r14
    1f24:	93 fd       	sbrc	r25, 3
    1f26:	85 91       	lpm	r24, Z+
    1f28:	93 ff       	sbrs	r25, 3
    1f2a:	81 91       	ld	r24, Z+
    1f2c:	7f 01       	movw	r14, r30
    1f2e:	88 23       	and	r24, r24
    1f30:	09 f4       	brne	.+2      	; 0x1f34 <vfprintf+0x62>
    1f32:	ad c1       	rjmp	.+858    	; 0x228e <vfprintf+0x3bc>
    1f34:	85 32       	cpi	r24, 0x25	; 37
    1f36:	39 f4       	brne	.+14     	; 0x1f46 <vfprintf+0x74>
    1f38:	93 fd       	sbrc	r25, 3
    1f3a:	85 91       	lpm	r24, Z+
    1f3c:	93 ff       	sbrs	r25, 3
    1f3e:	81 91       	ld	r24, Z+
    1f40:	7f 01       	movw	r14, r30
    1f42:	85 32       	cpi	r24, 0x25	; 37
    1f44:	21 f4       	brne	.+8      	; 0x1f4e <vfprintf+0x7c>
    1f46:	b6 01       	movw	r22, r12
    1f48:	90 e0       	ldi	r25, 0x00	; 0
    1f4a:	d6 d1       	rcall	.+940    	; 0x22f8 <fputc>
    1f4c:	e8 cf       	rjmp	.-48     	; 0x1f1e <vfprintf+0x4c>
    1f4e:	91 2c       	mov	r9, r1
    1f50:	21 2c       	mov	r2, r1
    1f52:	31 2c       	mov	r3, r1
    1f54:	ff e1       	ldi	r31, 0x1F	; 31
    1f56:	f3 15       	cp	r31, r3
    1f58:	d8 f0       	brcs	.+54     	; 0x1f90 <vfprintf+0xbe>
    1f5a:	8b 32       	cpi	r24, 0x2B	; 43
    1f5c:	79 f0       	breq	.+30     	; 0x1f7c <vfprintf+0xaa>
    1f5e:	38 f4       	brcc	.+14     	; 0x1f6e <vfprintf+0x9c>
    1f60:	80 32       	cpi	r24, 0x20	; 32
    1f62:	79 f0       	breq	.+30     	; 0x1f82 <vfprintf+0xb0>
    1f64:	83 32       	cpi	r24, 0x23	; 35
    1f66:	a1 f4       	brne	.+40     	; 0x1f90 <vfprintf+0xbe>
    1f68:	23 2d       	mov	r18, r3
    1f6a:	20 61       	ori	r18, 0x10	; 16
    1f6c:	1d c0       	rjmp	.+58     	; 0x1fa8 <vfprintf+0xd6>
    1f6e:	8d 32       	cpi	r24, 0x2D	; 45
    1f70:	61 f0       	breq	.+24     	; 0x1f8a <vfprintf+0xb8>
    1f72:	80 33       	cpi	r24, 0x30	; 48
    1f74:	69 f4       	brne	.+26     	; 0x1f90 <vfprintf+0xbe>
    1f76:	23 2d       	mov	r18, r3
    1f78:	21 60       	ori	r18, 0x01	; 1
    1f7a:	16 c0       	rjmp	.+44     	; 0x1fa8 <vfprintf+0xd6>
    1f7c:	83 2d       	mov	r24, r3
    1f7e:	82 60       	ori	r24, 0x02	; 2
    1f80:	38 2e       	mov	r3, r24
    1f82:	e3 2d       	mov	r30, r3
    1f84:	e4 60       	ori	r30, 0x04	; 4
    1f86:	3e 2e       	mov	r3, r30
    1f88:	2a c0       	rjmp	.+84     	; 0x1fde <vfprintf+0x10c>
    1f8a:	f3 2d       	mov	r31, r3
    1f8c:	f8 60       	ori	r31, 0x08	; 8
    1f8e:	1d c0       	rjmp	.+58     	; 0x1fca <vfprintf+0xf8>
    1f90:	37 fc       	sbrc	r3, 7
    1f92:	2d c0       	rjmp	.+90     	; 0x1fee <vfprintf+0x11c>
    1f94:	20 ed       	ldi	r18, 0xD0	; 208
    1f96:	28 0f       	add	r18, r24
    1f98:	2a 30       	cpi	r18, 0x0A	; 10
    1f9a:	40 f0       	brcs	.+16     	; 0x1fac <vfprintf+0xda>
    1f9c:	8e 32       	cpi	r24, 0x2E	; 46
    1f9e:	b9 f4       	brne	.+46     	; 0x1fce <vfprintf+0xfc>
    1fa0:	36 fc       	sbrc	r3, 6
    1fa2:	75 c1       	rjmp	.+746    	; 0x228e <vfprintf+0x3bc>
    1fa4:	23 2d       	mov	r18, r3
    1fa6:	20 64       	ori	r18, 0x40	; 64
    1fa8:	32 2e       	mov	r3, r18
    1faa:	19 c0       	rjmp	.+50     	; 0x1fde <vfprintf+0x10c>
    1fac:	36 fe       	sbrs	r3, 6
    1fae:	06 c0       	rjmp	.+12     	; 0x1fbc <vfprintf+0xea>
    1fb0:	8a e0       	ldi	r24, 0x0A	; 10
    1fb2:	98 9e       	mul	r9, r24
    1fb4:	20 0d       	add	r18, r0
    1fb6:	11 24       	eor	r1, r1
    1fb8:	92 2e       	mov	r9, r18
    1fba:	11 c0       	rjmp	.+34     	; 0x1fde <vfprintf+0x10c>
    1fbc:	ea e0       	ldi	r30, 0x0A	; 10
    1fbe:	2e 9e       	mul	r2, r30
    1fc0:	20 0d       	add	r18, r0
    1fc2:	11 24       	eor	r1, r1
    1fc4:	22 2e       	mov	r2, r18
    1fc6:	f3 2d       	mov	r31, r3
    1fc8:	f0 62       	ori	r31, 0x20	; 32
    1fca:	3f 2e       	mov	r3, r31
    1fcc:	08 c0       	rjmp	.+16     	; 0x1fde <vfprintf+0x10c>
    1fce:	8c 36       	cpi	r24, 0x6C	; 108
    1fd0:	21 f4       	brne	.+8      	; 0x1fda <vfprintf+0x108>
    1fd2:	83 2d       	mov	r24, r3
    1fd4:	80 68       	ori	r24, 0x80	; 128
    1fd6:	38 2e       	mov	r3, r24
    1fd8:	02 c0       	rjmp	.+4      	; 0x1fde <vfprintf+0x10c>
    1fda:	88 36       	cpi	r24, 0x68	; 104
    1fdc:	41 f4       	brne	.+16     	; 0x1fee <vfprintf+0x11c>
    1fde:	f7 01       	movw	r30, r14
    1fe0:	93 fd       	sbrc	r25, 3
    1fe2:	85 91       	lpm	r24, Z+
    1fe4:	93 ff       	sbrs	r25, 3
    1fe6:	81 91       	ld	r24, Z+
    1fe8:	7f 01       	movw	r14, r30
    1fea:	81 11       	cpse	r24, r1
    1fec:	b3 cf       	rjmp	.-154    	; 0x1f54 <vfprintf+0x82>
    1fee:	98 2f       	mov	r25, r24
    1ff0:	9f 7d       	andi	r25, 0xDF	; 223
    1ff2:	95 54       	subi	r25, 0x45	; 69
    1ff4:	93 30       	cpi	r25, 0x03	; 3
    1ff6:	28 f4       	brcc	.+10     	; 0x2002 <vfprintf+0x130>
    1ff8:	0c 5f       	subi	r16, 0xFC	; 252
    1ffa:	1f 4f       	sbci	r17, 0xFF	; 255
    1ffc:	9f e3       	ldi	r25, 0x3F	; 63
    1ffe:	99 83       	std	Y+1, r25	; 0x01
    2000:	0d c0       	rjmp	.+26     	; 0x201c <vfprintf+0x14a>
    2002:	83 36       	cpi	r24, 0x63	; 99
    2004:	31 f0       	breq	.+12     	; 0x2012 <vfprintf+0x140>
    2006:	83 37       	cpi	r24, 0x73	; 115
    2008:	71 f0       	breq	.+28     	; 0x2026 <vfprintf+0x154>
    200a:	83 35       	cpi	r24, 0x53	; 83
    200c:	09 f0       	breq	.+2      	; 0x2010 <vfprintf+0x13e>
    200e:	55 c0       	rjmp	.+170    	; 0x20ba <vfprintf+0x1e8>
    2010:	20 c0       	rjmp	.+64     	; 0x2052 <vfprintf+0x180>
    2012:	f8 01       	movw	r30, r16
    2014:	80 81       	ld	r24, Z
    2016:	89 83       	std	Y+1, r24	; 0x01
    2018:	0e 5f       	subi	r16, 0xFE	; 254
    201a:	1f 4f       	sbci	r17, 0xFF	; 255
    201c:	88 24       	eor	r8, r8
    201e:	83 94       	inc	r8
    2020:	91 2c       	mov	r9, r1
    2022:	53 01       	movw	r10, r6
    2024:	12 c0       	rjmp	.+36     	; 0x204a <vfprintf+0x178>
    2026:	28 01       	movw	r4, r16
    2028:	f2 e0       	ldi	r31, 0x02	; 2
    202a:	4f 0e       	add	r4, r31
    202c:	51 1c       	adc	r5, r1
    202e:	f8 01       	movw	r30, r16
    2030:	a0 80       	ld	r10, Z
    2032:	b1 80       	ldd	r11, Z+1	; 0x01
    2034:	36 fe       	sbrs	r3, 6
    2036:	03 c0       	rjmp	.+6      	; 0x203e <vfprintf+0x16c>
    2038:	69 2d       	mov	r22, r9
    203a:	70 e0       	ldi	r23, 0x00	; 0
    203c:	02 c0       	rjmp	.+4      	; 0x2042 <vfprintf+0x170>
    203e:	6f ef       	ldi	r22, 0xFF	; 255
    2040:	7f ef       	ldi	r23, 0xFF	; 255
    2042:	c5 01       	movw	r24, r10
    2044:	4e d1       	rcall	.+668    	; 0x22e2 <strnlen>
    2046:	4c 01       	movw	r8, r24
    2048:	82 01       	movw	r16, r4
    204a:	f3 2d       	mov	r31, r3
    204c:	ff 77       	andi	r31, 0x7F	; 127
    204e:	3f 2e       	mov	r3, r31
    2050:	15 c0       	rjmp	.+42     	; 0x207c <vfprintf+0x1aa>
    2052:	28 01       	movw	r4, r16
    2054:	22 e0       	ldi	r18, 0x02	; 2
    2056:	42 0e       	add	r4, r18
    2058:	51 1c       	adc	r5, r1
    205a:	f8 01       	movw	r30, r16
    205c:	a0 80       	ld	r10, Z
    205e:	b1 80       	ldd	r11, Z+1	; 0x01
    2060:	36 fe       	sbrs	r3, 6
    2062:	03 c0       	rjmp	.+6      	; 0x206a <vfprintf+0x198>
    2064:	69 2d       	mov	r22, r9
    2066:	70 e0       	ldi	r23, 0x00	; 0
    2068:	02 c0       	rjmp	.+4      	; 0x206e <vfprintf+0x19c>
    206a:	6f ef       	ldi	r22, 0xFF	; 255
    206c:	7f ef       	ldi	r23, 0xFF	; 255
    206e:	c5 01       	movw	r24, r10
    2070:	2d d1       	rcall	.+602    	; 0x22cc <strnlen_P>
    2072:	4c 01       	movw	r8, r24
    2074:	f3 2d       	mov	r31, r3
    2076:	f0 68       	ori	r31, 0x80	; 128
    2078:	3f 2e       	mov	r3, r31
    207a:	82 01       	movw	r16, r4
    207c:	33 fc       	sbrc	r3, 3
    207e:	19 c0       	rjmp	.+50     	; 0x20b2 <vfprintf+0x1e0>
    2080:	82 2d       	mov	r24, r2
    2082:	90 e0       	ldi	r25, 0x00	; 0
    2084:	88 16       	cp	r8, r24
    2086:	99 06       	cpc	r9, r25
    2088:	a0 f4       	brcc	.+40     	; 0x20b2 <vfprintf+0x1e0>
    208a:	b6 01       	movw	r22, r12
    208c:	80 e2       	ldi	r24, 0x20	; 32
    208e:	90 e0       	ldi	r25, 0x00	; 0
    2090:	33 d1       	rcall	.+614    	; 0x22f8 <fputc>
    2092:	2a 94       	dec	r2
    2094:	f5 cf       	rjmp	.-22     	; 0x2080 <vfprintf+0x1ae>
    2096:	f5 01       	movw	r30, r10
    2098:	37 fc       	sbrc	r3, 7
    209a:	85 91       	lpm	r24, Z+
    209c:	37 fe       	sbrs	r3, 7
    209e:	81 91       	ld	r24, Z+
    20a0:	5f 01       	movw	r10, r30
    20a2:	b6 01       	movw	r22, r12
    20a4:	90 e0       	ldi	r25, 0x00	; 0
    20a6:	28 d1       	rcall	.+592    	; 0x22f8 <fputc>
    20a8:	21 10       	cpse	r2, r1
    20aa:	2a 94       	dec	r2
    20ac:	21 e0       	ldi	r18, 0x01	; 1
    20ae:	82 1a       	sub	r8, r18
    20b0:	91 08       	sbc	r9, r1
    20b2:	81 14       	cp	r8, r1
    20b4:	91 04       	cpc	r9, r1
    20b6:	79 f7       	brne	.-34     	; 0x2096 <vfprintf+0x1c4>
    20b8:	e1 c0       	rjmp	.+450    	; 0x227c <vfprintf+0x3aa>
    20ba:	84 36       	cpi	r24, 0x64	; 100
    20bc:	11 f0       	breq	.+4      	; 0x20c2 <vfprintf+0x1f0>
    20be:	89 36       	cpi	r24, 0x69	; 105
    20c0:	39 f5       	brne	.+78     	; 0x2110 <vfprintf+0x23e>
    20c2:	f8 01       	movw	r30, r16
    20c4:	37 fe       	sbrs	r3, 7
    20c6:	07 c0       	rjmp	.+14     	; 0x20d6 <vfprintf+0x204>
    20c8:	60 81       	ld	r22, Z
    20ca:	71 81       	ldd	r23, Z+1	; 0x01
    20cc:	82 81       	ldd	r24, Z+2	; 0x02
    20ce:	93 81       	ldd	r25, Z+3	; 0x03
    20d0:	0c 5f       	subi	r16, 0xFC	; 252
    20d2:	1f 4f       	sbci	r17, 0xFF	; 255
    20d4:	08 c0       	rjmp	.+16     	; 0x20e6 <vfprintf+0x214>
    20d6:	60 81       	ld	r22, Z
    20d8:	71 81       	ldd	r23, Z+1	; 0x01
    20da:	07 2e       	mov	r0, r23
    20dc:	00 0c       	add	r0, r0
    20de:	88 0b       	sbc	r24, r24
    20e0:	99 0b       	sbc	r25, r25
    20e2:	0e 5f       	subi	r16, 0xFE	; 254
    20e4:	1f 4f       	sbci	r17, 0xFF	; 255
    20e6:	f3 2d       	mov	r31, r3
    20e8:	ff 76       	andi	r31, 0x6F	; 111
    20ea:	3f 2e       	mov	r3, r31
    20ec:	97 ff       	sbrs	r25, 7
    20ee:	09 c0       	rjmp	.+18     	; 0x2102 <vfprintf+0x230>
    20f0:	90 95       	com	r25
    20f2:	80 95       	com	r24
    20f4:	70 95       	com	r23
    20f6:	61 95       	neg	r22
    20f8:	7f 4f       	sbci	r23, 0xFF	; 255
    20fa:	8f 4f       	sbci	r24, 0xFF	; 255
    20fc:	9f 4f       	sbci	r25, 0xFF	; 255
    20fe:	f0 68       	ori	r31, 0x80	; 128
    2100:	3f 2e       	mov	r3, r31
    2102:	2a e0       	ldi	r18, 0x0A	; 10
    2104:	30 e0       	ldi	r19, 0x00	; 0
    2106:	a3 01       	movw	r20, r6
    2108:	33 d1       	rcall	.+614    	; 0x2370 <__ultoa_invert>
    210a:	88 2e       	mov	r8, r24
    210c:	86 18       	sub	r8, r6
    210e:	44 c0       	rjmp	.+136    	; 0x2198 <vfprintf+0x2c6>
    2110:	85 37       	cpi	r24, 0x75	; 117
    2112:	31 f4       	brne	.+12     	; 0x2120 <vfprintf+0x24e>
    2114:	23 2d       	mov	r18, r3
    2116:	2f 7e       	andi	r18, 0xEF	; 239
    2118:	b2 2e       	mov	r11, r18
    211a:	2a e0       	ldi	r18, 0x0A	; 10
    211c:	30 e0       	ldi	r19, 0x00	; 0
    211e:	25 c0       	rjmp	.+74     	; 0x216a <vfprintf+0x298>
    2120:	93 2d       	mov	r25, r3
    2122:	99 7f       	andi	r25, 0xF9	; 249
    2124:	b9 2e       	mov	r11, r25
    2126:	8f 36       	cpi	r24, 0x6F	; 111
    2128:	c1 f0       	breq	.+48     	; 0x215a <vfprintf+0x288>
    212a:	18 f4       	brcc	.+6      	; 0x2132 <vfprintf+0x260>
    212c:	88 35       	cpi	r24, 0x58	; 88
    212e:	79 f0       	breq	.+30     	; 0x214e <vfprintf+0x27c>
    2130:	ae c0       	rjmp	.+348    	; 0x228e <vfprintf+0x3bc>
    2132:	80 37       	cpi	r24, 0x70	; 112
    2134:	19 f0       	breq	.+6      	; 0x213c <vfprintf+0x26a>
    2136:	88 37       	cpi	r24, 0x78	; 120
    2138:	21 f0       	breq	.+8      	; 0x2142 <vfprintf+0x270>
    213a:	a9 c0       	rjmp	.+338    	; 0x228e <vfprintf+0x3bc>
    213c:	e9 2f       	mov	r30, r25
    213e:	e0 61       	ori	r30, 0x10	; 16
    2140:	be 2e       	mov	r11, r30
    2142:	b4 fe       	sbrs	r11, 4
    2144:	0d c0       	rjmp	.+26     	; 0x2160 <vfprintf+0x28e>
    2146:	fb 2d       	mov	r31, r11
    2148:	f4 60       	ori	r31, 0x04	; 4
    214a:	bf 2e       	mov	r11, r31
    214c:	09 c0       	rjmp	.+18     	; 0x2160 <vfprintf+0x28e>
    214e:	34 fe       	sbrs	r3, 4
    2150:	0a c0       	rjmp	.+20     	; 0x2166 <vfprintf+0x294>
    2152:	29 2f       	mov	r18, r25
    2154:	26 60       	ori	r18, 0x06	; 6
    2156:	b2 2e       	mov	r11, r18
    2158:	06 c0       	rjmp	.+12     	; 0x2166 <vfprintf+0x294>
    215a:	28 e0       	ldi	r18, 0x08	; 8
    215c:	30 e0       	ldi	r19, 0x00	; 0
    215e:	05 c0       	rjmp	.+10     	; 0x216a <vfprintf+0x298>
    2160:	20 e1       	ldi	r18, 0x10	; 16
    2162:	30 e0       	ldi	r19, 0x00	; 0
    2164:	02 c0       	rjmp	.+4      	; 0x216a <vfprintf+0x298>
    2166:	20 e1       	ldi	r18, 0x10	; 16
    2168:	32 e0       	ldi	r19, 0x02	; 2
    216a:	f8 01       	movw	r30, r16
    216c:	b7 fe       	sbrs	r11, 7
    216e:	07 c0       	rjmp	.+14     	; 0x217e <vfprintf+0x2ac>
    2170:	60 81       	ld	r22, Z
    2172:	71 81       	ldd	r23, Z+1	; 0x01
    2174:	82 81       	ldd	r24, Z+2	; 0x02
    2176:	93 81       	ldd	r25, Z+3	; 0x03
    2178:	0c 5f       	subi	r16, 0xFC	; 252
    217a:	1f 4f       	sbci	r17, 0xFF	; 255
    217c:	06 c0       	rjmp	.+12     	; 0x218a <vfprintf+0x2b8>
    217e:	60 81       	ld	r22, Z
    2180:	71 81       	ldd	r23, Z+1	; 0x01
    2182:	80 e0       	ldi	r24, 0x00	; 0
    2184:	90 e0       	ldi	r25, 0x00	; 0
    2186:	0e 5f       	subi	r16, 0xFE	; 254
    2188:	1f 4f       	sbci	r17, 0xFF	; 255
    218a:	a3 01       	movw	r20, r6
    218c:	f1 d0       	rcall	.+482    	; 0x2370 <__ultoa_invert>
    218e:	88 2e       	mov	r8, r24
    2190:	86 18       	sub	r8, r6
    2192:	fb 2d       	mov	r31, r11
    2194:	ff 77       	andi	r31, 0x7F	; 127
    2196:	3f 2e       	mov	r3, r31
    2198:	36 fe       	sbrs	r3, 6
    219a:	0d c0       	rjmp	.+26     	; 0x21b6 <vfprintf+0x2e4>
    219c:	23 2d       	mov	r18, r3
    219e:	2e 7f       	andi	r18, 0xFE	; 254
    21a0:	a2 2e       	mov	r10, r18
    21a2:	89 14       	cp	r8, r9
    21a4:	58 f4       	brcc	.+22     	; 0x21bc <vfprintf+0x2ea>
    21a6:	34 fe       	sbrs	r3, 4
    21a8:	0b c0       	rjmp	.+22     	; 0x21c0 <vfprintf+0x2ee>
    21aa:	32 fc       	sbrc	r3, 2
    21ac:	09 c0       	rjmp	.+18     	; 0x21c0 <vfprintf+0x2ee>
    21ae:	83 2d       	mov	r24, r3
    21b0:	8e 7e       	andi	r24, 0xEE	; 238
    21b2:	a8 2e       	mov	r10, r24
    21b4:	05 c0       	rjmp	.+10     	; 0x21c0 <vfprintf+0x2ee>
    21b6:	b8 2c       	mov	r11, r8
    21b8:	a3 2c       	mov	r10, r3
    21ba:	03 c0       	rjmp	.+6      	; 0x21c2 <vfprintf+0x2f0>
    21bc:	b8 2c       	mov	r11, r8
    21be:	01 c0       	rjmp	.+2      	; 0x21c2 <vfprintf+0x2f0>
    21c0:	b9 2c       	mov	r11, r9
    21c2:	a4 fe       	sbrs	r10, 4
    21c4:	0f c0       	rjmp	.+30     	; 0x21e4 <vfprintf+0x312>
    21c6:	fe 01       	movw	r30, r28
    21c8:	e8 0d       	add	r30, r8
    21ca:	f1 1d       	adc	r31, r1
    21cc:	80 81       	ld	r24, Z
    21ce:	80 33       	cpi	r24, 0x30	; 48
    21d0:	21 f4       	brne	.+8      	; 0x21da <vfprintf+0x308>
    21d2:	9a 2d       	mov	r25, r10
    21d4:	99 7e       	andi	r25, 0xE9	; 233
    21d6:	a9 2e       	mov	r10, r25
    21d8:	09 c0       	rjmp	.+18     	; 0x21ec <vfprintf+0x31a>
    21da:	a2 fe       	sbrs	r10, 2
    21dc:	06 c0       	rjmp	.+12     	; 0x21ea <vfprintf+0x318>
    21de:	b3 94       	inc	r11
    21e0:	b3 94       	inc	r11
    21e2:	04 c0       	rjmp	.+8      	; 0x21ec <vfprintf+0x31a>
    21e4:	8a 2d       	mov	r24, r10
    21e6:	86 78       	andi	r24, 0x86	; 134
    21e8:	09 f0       	breq	.+2      	; 0x21ec <vfprintf+0x31a>
    21ea:	b3 94       	inc	r11
    21ec:	a3 fc       	sbrc	r10, 3
    21ee:	10 c0       	rjmp	.+32     	; 0x2210 <vfprintf+0x33e>
    21f0:	a0 fe       	sbrs	r10, 0
    21f2:	06 c0       	rjmp	.+12     	; 0x2200 <vfprintf+0x32e>
    21f4:	b2 14       	cp	r11, r2
    21f6:	80 f4       	brcc	.+32     	; 0x2218 <vfprintf+0x346>
    21f8:	28 0c       	add	r2, r8
    21fa:	92 2c       	mov	r9, r2
    21fc:	9b 18       	sub	r9, r11
    21fe:	0d c0       	rjmp	.+26     	; 0x221a <vfprintf+0x348>
    2200:	b2 14       	cp	r11, r2
    2202:	58 f4       	brcc	.+22     	; 0x221a <vfprintf+0x348>
    2204:	b6 01       	movw	r22, r12
    2206:	80 e2       	ldi	r24, 0x20	; 32
    2208:	90 e0       	ldi	r25, 0x00	; 0
    220a:	76 d0       	rcall	.+236    	; 0x22f8 <fputc>
    220c:	b3 94       	inc	r11
    220e:	f8 cf       	rjmp	.-16     	; 0x2200 <vfprintf+0x32e>
    2210:	b2 14       	cp	r11, r2
    2212:	18 f4       	brcc	.+6      	; 0x221a <vfprintf+0x348>
    2214:	2b 18       	sub	r2, r11
    2216:	02 c0       	rjmp	.+4      	; 0x221c <vfprintf+0x34a>
    2218:	98 2c       	mov	r9, r8
    221a:	21 2c       	mov	r2, r1
    221c:	a4 fe       	sbrs	r10, 4
    221e:	0f c0       	rjmp	.+30     	; 0x223e <vfprintf+0x36c>
    2220:	b6 01       	movw	r22, r12
    2222:	80 e3       	ldi	r24, 0x30	; 48
    2224:	90 e0       	ldi	r25, 0x00	; 0
    2226:	68 d0       	rcall	.+208    	; 0x22f8 <fputc>
    2228:	a2 fe       	sbrs	r10, 2
    222a:	16 c0       	rjmp	.+44     	; 0x2258 <vfprintf+0x386>
    222c:	a1 fc       	sbrc	r10, 1
    222e:	03 c0       	rjmp	.+6      	; 0x2236 <vfprintf+0x364>
    2230:	88 e7       	ldi	r24, 0x78	; 120
    2232:	90 e0       	ldi	r25, 0x00	; 0
    2234:	02 c0       	rjmp	.+4      	; 0x223a <vfprintf+0x368>
    2236:	88 e5       	ldi	r24, 0x58	; 88
    2238:	90 e0       	ldi	r25, 0x00	; 0
    223a:	b6 01       	movw	r22, r12
    223c:	0c c0       	rjmp	.+24     	; 0x2256 <vfprintf+0x384>
    223e:	8a 2d       	mov	r24, r10
    2240:	86 78       	andi	r24, 0x86	; 134
    2242:	51 f0       	breq	.+20     	; 0x2258 <vfprintf+0x386>
    2244:	a1 fe       	sbrs	r10, 1
    2246:	02 c0       	rjmp	.+4      	; 0x224c <vfprintf+0x37a>
    2248:	8b e2       	ldi	r24, 0x2B	; 43
    224a:	01 c0       	rjmp	.+2      	; 0x224e <vfprintf+0x37c>
    224c:	80 e2       	ldi	r24, 0x20	; 32
    224e:	a7 fc       	sbrc	r10, 7
    2250:	8d e2       	ldi	r24, 0x2D	; 45
    2252:	b6 01       	movw	r22, r12
    2254:	90 e0       	ldi	r25, 0x00	; 0
    2256:	50 d0       	rcall	.+160    	; 0x22f8 <fputc>
    2258:	89 14       	cp	r8, r9
    225a:	30 f4       	brcc	.+12     	; 0x2268 <vfprintf+0x396>
    225c:	b6 01       	movw	r22, r12
    225e:	80 e3       	ldi	r24, 0x30	; 48
    2260:	90 e0       	ldi	r25, 0x00	; 0
    2262:	4a d0       	rcall	.+148    	; 0x22f8 <fputc>
    2264:	9a 94       	dec	r9
    2266:	f8 cf       	rjmp	.-16     	; 0x2258 <vfprintf+0x386>
    2268:	8a 94       	dec	r8
    226a:	f3 01       	movw	r30, r6
    226c:	e8 0d       	add	r30, r8
    226e:	f1 1d       	adc	r31, r1
    2270:	80 81       	ld	r24, Z
    2272:	b6 01       	movw	r22, r12
    2274:	90 e0       	ldi	r25, 0x00	; 0
    2276:	40 d0       	rcall	.+128    	; 0x22f8 <fputc>
    2278:	81 10       	cpse	r8, r1
    227a:	f6 cf       	rjmp	.-20     	; 0x2268 <vfprintf+0x396>
    227c:	22 20       	and	r2, r2
    227e:	09 f4       	brne	.+2      	; 0x2282 <vfprintf+0x3b0>
    2280:	4e ce       	rjmp	.-868    	; 0x1f1e <vfprintf+0x4c>
    2282:	b6 01       	movw	r22, r12
    2284:	80 e2       	ldi	r24, 0x20	; 32
    2286:	90 e0       	ldi	r25, 0x00	; 0
    2288:	37 d0       	rcall	.+110    	; 0x22f8 <fputc>
    228a:	2a 94       	dec	r2
    228c:	f7 cf       	rjmp	.-18     	; 0x227c <vfprintf+0x3aa>
    228e:	f6 01       	movw	r30, r12
    2290:	86 81       	ldd	r24, Z+6	; 0x06
    2292:	97 81       	ldd	r25, Z+7	; 0x07
    2294:	02 c0       	rjmp	.+4      	; 0x229a <vfprintf+0x3c8>
    2296:	8f ef       	ldi	r24, 0xFF	; 255
    2298:	9f ef       	ldi	r25, 0xFF	; 255
    229a:	2b 96       	adiw	r28, 0x0b	; 11
    229c:	0f b6       	in	r0, 0x3f	; 63
    229e:	f8 94       	cli
    22a0:	de bf       	out	0x3e, r29	; 62
    22a2:	0f be       	out	0x3f, r0	; 63
    22a4:	cd bf       	out	0x3d, r28	; 61
    22a6:	df 91       	pop	r29
    22a8:	cf 91       	pop	r28
    22aa:	1f 91       	pop	r17
    22ac:	0f 91       	pop	r16
    22ae:	ff 90       	pop	r15
    22b0:	ef 90       	pop	r14
    22b2:	df 90       	pop	r13
    22b4:	cf 90       	pop	r12
    22b6:	bf 90       	pop	r11
    22b8:	af 90       	pop	r10
    22ba:	9f 90       	pop	r9
    22bc:	8f 90       	pop	r8
    22be:	7f 90       	pop	r7
    22c0:	6f 90       	pop	r6
    22c2:	5f 90       	pop	r5
    22c4:	4f 90       	pop	r4
    22c6:	3f 90       	pop	r3
    22c8:	2f 90       	pop	r2
    22ca:	08 95       	ret

000022cc <strnlen_P>:
    22cc:	fc 01       	movw	r30, r24
    22ce:	05 90       	lpm	r0, Z+
    22d0:	61 50       	subi	r22, 0x01	; 1
    22d2:	70 40       	sbci	r23, 0x00	; 0
    22d4:	01 10       	cpse	r0, r1
    22d6:	d8 f7       	brcc	.-10     	; 0x22ce <strnlen_P+0x2>
    22d8:	80 95       	com	r24
    22da:	90 95       	com	r25
    22dc:	8e 0f       	add	r24, r30
    22de:	9f 1f       	adc	r25, r31
    22e0:	08 95       	ret

000022e2 <strnlen>:
    22e2:	fc 01       	movw	r30, r24
    22e4:	61 50       	subi	r22, 0x01	; 1
    22e6:	70 40       	sbci	r23, 0x00	; 0
    22e8:	01 90       	ld	r0, Z+
    22ea:	01 10       	cpse	r0, r1
    22ec:	d8 f7       	brcc	.-10     	; 0x22e4 <strnlen+0x2>
    22ee:	80 95       	com	r24
    22f0:	90 95       	com	r25
    22f2:	8e 0f       	add	r24, r30
    22f4:	9f 1f       	adc	r25, r31
    22f6:	08 95       	ret

000022f8 <fputc>:
    22f8:	0f 93       	push	r16
    22fa:	1f 93       	push	r17
    22fc:	cf 93       	push	r28
    22fe:	df 93       	push	r29
    2300:	fb 01       	movw	r30, r22
    2302:	23 81       	ldd	r18, Z+3	; 0x03
    2304:	21 fd       	sbrc	r18, 1
    2306:	03 c0       	rjmp	.+6      	; 0x230e <fputc+0x16>
    2308:	8f ef       	ldi	r24, 0xFF	; 255
    230a:	9f ef       	ldi	r25, 0xFF	; 255
    230c:	2c c0       	rjmp	.+88     	; 0x2366 <fputc+0x6e>
    230e:	22 ff       	sbrs	r18, 2
    2310:	16 c0       	rjmp	.+44     	; 0x233e <fputc+0x46>
    2312:	46 81       	ldd	r20, Z+6	; 0x06
    2314:	57 81       	ldd	r21, Z+7	; 0x07
    2316:	24 81       	ldd	r18, Z+4	; 0x04
    2318:	35 81       	ldd	r19, Z+5	; 0x05
    231a:	42 17       	cp	r20, r18
    231c:	53 07       	cpc	r21, r19
    231e:	44 f4       	brge	.+16     	; 0x2330 <fputc+0x38>
    2320:	a0 81       	ld	r26, Z
    2322:	b1 81       	ldd	r27, Z+1	; 0x01
    2324:	9d 01       	movw	r18, r26
    2326:	2f 5f       	subi	r18, 0xFF	; 255
    2328:	3f 4f       	sbci	r19, 0xFF	; 255
    232a:	31 83       	std	Z+1, r19	; 0x01
    232c:	20 83       	st	Z, r18
    232e:	8c 93       	st	X, r24
    2330:	26 81       	ldd	r18, Z+6	; 0x06
    2332:	37 81       	ldd	r19, Z+7	; 0x07
    2334:	2f 5f       	subi	r18, 0xFF	; 255
    2336:	3f 4f       	sbci	r19, 0xFF	; 255
    2338:	37 83       	std	Z+7, r19	; 0x07
    233a:	26 83       	std	Z+6, r18	; 0x06
    233c:	14 c0       	rjmp	.+40     	; 0x2366 <fputc+0x6e>
    233e:	8b 01       	movw	r16, r22
    2340:	ec 01       	movw	r28, r24
    2342:	fb 01       	movw	r30, r22
    2344:	00 84       	ldd	r0, Z+8	; 0x08
    2346:	f1 85       	ldd	r31, Z+9	; 0x09
    2348:	e0 2d       	mov	r30, r0
    234a:	09 95       	icall
    234c:	89 2b       	or	r24, r25
    234e:	e1 f6       	brne	.-72     	; 0x2308 <fputc+0x10>
    2350:	d8 01       	movw	r26, r16
    2352:	16 96       	adiw	r26, 0x06	; 6
    2354:	8d 91       	ld	r24, X+
    2356:	9c 91       	ld	r25, X
    2358:	17 97       	sbiw	r26, 0x07	; 7
    235a:	01 96       	adiw	r24, 0x01	; 1
    235c:	17 96       	adiw	r26, 0x07	; 7
    235e:	9c 93       	st	X, r25
    2360:	8e 93       	st	-X, r24
    2362:	16 97       	sbiw	r26, 0x06	; 6
    2364:	ce 01       	movw	r24, r28
    2366:	df 91       	pop	r29
    2368:	cf 91       	pop	r28
    236a:	1f 91       	pop	r17
    236c:	0f 91       	pop	r16
    236e:	08 95       	ret

00002370 <__ultoa_invert>:
    2370:	fa 01       	movw	r30, r20
    2372:	aa 27       	eor	r26, r26
    2374:	28 30       	cpi	r18, 0x08	; 8
    2376:	51 f1       	breq	.+84     	; 0x23cc <__ultoa_invert+0x5c>
    2378:	20 31       	cpi	r18, 0x10	; 16
    237a:	81 f1       	breq	.+96     	; 0x23dc <__ultoa_invert+0x6c>
    237c:	e8 94       	clt
    237e:	6f 93       	push	r22
    2380:	6e 7f       	andi	r22, 0xFE	; 254
    2382:	6e 5f       	subi	r22, 0xFE	; 254
    2384:	7f 4f       	sbci	r23, 0xFF	; 255
    2386:	8f 4f       	sbci	r24, 0xFF	; 255
    2388:	9f 4f       	sbci	r25, 0xFF	; 255
    238a:	af 4f       	sbci	r26, 0xFF	; 255
    238c:	b1 e0       	ldi	r27, 0x01	; 1
    238e:	3e d0       	rcall	.+124    	; 0x240c <__ultoa_invert+0x9c>
    2390:	b4 e0       	ldi	r27, 0x04	; 4
    2392:	3c d0       	rcall	.+120    	; 0x240c <__ultoa_invert+0x9c>
    2394:	67 0f       	add	r22, r23
    2396:	78 1f       	adc	r23, r24
    2398:	89 1f       	adc	r24, r25
    239a:	9a 1f       	adc	r25, r26
    239c:	a1 1d       	adc	r26, r1
    239e:	68 0f       	add	r22, r24
    23a0:	79 1f       	adc	r23, r25
    23a2:	8a 1f       	adc	r24, r26
    23a4:	91 1d       	adc	r25, r1
    23a6:	a1 1d       	adc	r26, r1
    23a8:	6a 0f       	add	r22, r26
    23aa:	71 1d       	adc	r23, r1
    23ac:	81 1d       	adc	r24, r1
    23ae:	91 1d       	adc	r25, r1
    23b0:	a1 1d       	adc	r26, r1
    23b2:	20 d0       	rcall	.+64     	; 0x23f4 <__ultoa_invert+0x84>
    23b4:	09 f4       	brne	.+2      	; 0x23b8 <__ultoa_invert+0x48>
    23b6:	68 94       	set
    23b8:	3f 91       	pop	r19
    23ba:	2a e0       	ldi	r18, 0x0A	; 10
    23bc:	26 9f       	mul	r18, r22
    23be:	11 24       	eor	r1, r1
    23c0:	30 19       	sub	r19, r0
    23c2:	30 5d       	subi	r19, 0xD0	; 208
    23c4:	31 93       	st	Z+, r19
    23c6:	de f6       	brtc	.-74     	; 0x237e <__ultoa_invert+0xe>
    23c8:	cf 01       	movw	r24, r30
    23ca:	08 95       	ret
    23cc:	46 2f       	mov	r20, r22
    23ce:	47 70       	andi	r20, 0x07	; 7
    23d0:	40 5d       	subi	r20, 0xD0	; 208
    23d2:	41 93       	st	Z+, r20
    23d4:	b3 e0       	ldi	r27, 0x03	; 3
    23d6:	0f d0       	rcall	.+30     	; 0x23f6 <__ultoa_invert+0x86>
    23d8:	c9 f7       	brne	.-14     	; 0x23cc <__ultoa_invert+0x5c>
    23da:	f6 cf       	rjmp	.-20     	; 0x23c8 <__ultoa_invert+0x58>
    23dc:	46 2f       	mov	r20, r22
    23de:	4f 70       	andi	r20, 0x0F	; 15
    23e0:	40 5d       	subi	r20, 0xD0	; 208
    23e2:	4a 33       	cpi	r20, 0x3A	; 58
    23e4:	18 f0       	brcs	.+6      	; 0x23ec <__ultoa_invert+0x7c>
    23e6:	49 5d       	subi	r20, 0xD9	; 217
    23e8:	31 fd       	sbrc	r19, 1
    23ea:	40 52       	subi	r20, 0x20	; 32
    23ec:	41 93       	st	Z+, r20
    23ee:	02 d0       	rcall	.+4      	; 0x23f4 <__ultoa_invert+0x84>
    23f0:	a9 f7       	brne	.-22     	; 0x23dc <__ultoa_invert+0x6c>
    23f2:	ea cf       	rjmp	.-44     	; 0x23c8 <__ultoa_invert+0x58>
    23f4:	b4 e0       	ldi	r27, 0x04	; 4
    23f6:	a6 95       	lsr	r26
    23f8:	97 95       	ror	r25
    23fa:	87 95       	ror	r24
    23fc:	77 95       	ror	r23
    23fe:	67 95       	ror	r22
    2400:	ba 95       	dec	r27
    2402:	c9 f7       	brne	.-14     	; 0x23f6 <__ultoa_invert+0x86>
    2404:	00 97       	sbiw	r24, 0x00	; 0
    2406:	61 05       	cpc	r22, r1
    2408:	71 05       	cpc	r23, r1
    240a:	08 95       	ret
    240c:	9b 01       	movw	r18, r22
    240e:	ac 01       	movw	r20, r24
    2410:	0a 2e       	mov	r0, r26
    2412:	06 94       	lsr	r0
    2414:	57 95       	ror	r21
    2416:	47 95       	ror	r20
    2418:	37 95       	ror	r19
    241a:	27 95       	ror	r18
    241c:	ba 95       	dec	r27
    241e:	c9 f7       	brne	.-14     	; 0x2412 <__ultoa_invert+0xa2>
    2420:	62 0f       	add	r22, r18
    2422:	73 1f       	adc	r23, r19
    2424:	84 1f       	adc	r24, r20
    2426:	95 1f       	adc	r25, r21
    2428:	a0 1d       	adc	r26, r0
    242a:	08 95       	ret

0000242c <_exit>:
    242c:	f8 94       	cli

0000242e <__stop_program>:
    242e:	ff cf       	rjmp	.-2      	; 0x242e <__stop_program>
